"행정구역(시군구)별(1)","시점","거주외국인별(1)",거주외국인별(2),계,0 - 9세,10 - 19세,20 - 29세,30 - 39세,40 - 49세,50 - 59세,60 - 69세,70세 이상
"합계","2016","한국국적을 가지지 않은 자",소계,1413758,43341,37845,391360,364178,243927,212830,97838,22439
"합계","2016","한국국적을 가지지 않은 자",외국인근로자,541673,*,662,172541,179332,94479,83008,10993,657
"합계","2016","한국국적을 가지지 않은 자",결혼이민자,159501,*,688,43229,52922,34106,22659,5053,844
"합계","2016","한국국적을 가지지 않은 자",유학생,95963,*,13755,74258,7189,672,69,17,*
"합계","2016","한국국적을 가지지 않은 자",외국국적동포,235926,892,1621,37529,41294,37560,41789,61160,14081
"합계","2016","한국국적을 가지지 않은 자",기타외국인,380695,42448,21119,63803,83441,77110,65305,20615,6854
"합계","2016","한국국적을 취득한 자",소계,159447,4019,4004,24355,48485,39381,25851,9853,3499
"합계","2017","한국국적을 가지지 않은 자",소계,1479247,42174,39379,405422,398025,249196,212663,109584,22804
"합계","2017","한국국적을 가지지 않은 자",외국인근로자,495792,*,553,159224,176912,83436,68732,6661,273
"합계","2017","한국국적을 가지지 않은 자",결혼이민자,160653,*,614,39097,56498,34253,23756,5622,813
"합계","2017","한국국적을 가지지 않은 자",유학생,117127,*,17704,90191,8405,754,65,6,*
"합계","2017","한국국적을 가지지 않은 자",외국국적동포,276750,896,1638,39160,53314,44390,46913,74120,16319
"합계","2017","한국국적을 가지지 않은 자",기타외국인,428925,41277,18870,77750,102896,86363,73197,23175,5397
"합계","2017","한국국적을 취득한 자",소계,169535,3994,4354,22622,53424,41791,27603,11868,3879
"합계","2018","한국국적을 가지지 않은 자",소계,1651561,51067,49552,455449,450414,270711,232321,117707,24340
"합계","2018","한국국적을 가지지 않은 자",외국인근로자,528063,*,1070,163688,181947,87572,86178,7302,302
"합계","2018","한국국적을 가지지 않은 자",결혼이민자,166882,*,750,36360,60329,35683,25722,7118,920
"합계","2018","한국국적을 가지지 않은 자",유학생,142757,*,21626,110732,9448,873,65,12,*
"합계","2018","한국국적을 가지지 않은 자",외국국적동포,296023,864,1644,36265,59644,47114,50699,80794,18999
"합계","2018","한국국적을 가지지 않은 자",기타외국인,517836,50199,24462,108404,139046,99469,69657,22481,4118
"합계","2018","한국국적을 취득한 자",소계,176915,4339,4976,19020,56365,43986,29909,13893,4427
"합계","2019","한국국적을 가지지 않은 자",소계,1778918,65250,56707,478997,483489,290198,248435,126431,29411
"합계","2019","한국국적을 가지지 않은 자",외국인근로자,515051,*,1119,159206,176054,84038,85552,8761,320
"합계","2019","한국국적을 가지지 않은 자",결혼이민자,173882,*,966,34528,63008,37554,28032,8615,1179
"합계","2019","한국국적을 가지지 않은 자",유학생,160610,*,24004,124723,10735,1042,89,15,*
"합계","2019","한국국적을 가지지 않은 자",외국국적동포,303245,818,1590,32308,63251,48482,53557,82499,20740
"합계","2019","한국국적을 가지지 않은 자",기타외국인,626130,64431,29028,128232,170441,119082,81205,26541,7170
"합계","2019","한국국적을 취득한 자",소계,185728,4716,5724,18783,60160,45416,31380,15228,4321
"합계","2020","한국국적을 가지지 않은 자",소계,1695643,62843,42927,414469,479756,278737,245096,138494,33321
"합계","2020","한국국적을 가지지 않은 자",외국인근로자,455287,*,449,132528,163718,73205,76076,8926,385
"합계","2020","한국국적을 가지지 않은 자",결혼이민자,173756,*,646,33169,67678,37860,25271,7867,1265
"합계","2020","한국국적을 가지지 않은 자",유학생,142569,*,13845,115883,11621,1075,125,16,*
"합계","2020","한국국적을 가지지 않은 자",외국국적동포,345110,936,1934,29322,71906,55763,64563,93452,27234
"합계","2020","한국국적을 가지지 않은 자",기타외국인,578921,61907,26053,103567,164833,110834,79061,28233,4433
"합계","2020","한국국적을 취득한 자",소계,199128,5701,6582,17221,64234,47800,34057,17791,5742
"합계","2021","한국국적을 가지지 않은 자",소계,1649967,66209,42980,381171,465707,274595,248515,134997,35793
"합계","2021","한국국적을 가지지 않은 자",외국인근로자,395175,*,763,111308,149341,63460,64741,5161,400
"합계","2021","한국국적을 가지지 않은 자",결혼이민자,174632,*,106,29751,69282,39766,26227,8060,1440
"합계","2021","한국국적을 가지지 않은 자",유학생,156607,*,11622,129863,13692,1240,166,19,5
"합계","2021","한국국적을 가지지 않은 자",외국국적동포,368581,1077,2054,26652,76542,61767,78017,93223,29249
"합계","2021","한국국적을 가지지 않은 자",기타외국인,554972,65131,28435,83597,156850,108362,79364,28534,4699
"합계","2021","한국국적을 취득한 자",소계,210880,6246,7642,15967,66544,50077,38011,19321,7072
"합계","2022","한국국적을 가지지 않은 자",소계,1752346,68333,57831,413641,483136,286801,253602,146620,42382
"합계","2022","한국국적을 가지지 않은 자",외국인근로자,403139,*,1164,123735,156628,59640,55406,6216,346
"합계","2022","한국국적을 가지지 않은 자",결혼이민자,175756,*,69,24539,67902,42897,28174,10263,1912
"합계","2022","한국국적을 가지지 않은 자",유학생,189397,*,18461,152823,16349,1580,164,15,5
"합계","2022","한국국적을 가지지 않은 자",외국국적동포,397581,3645,8118,26262,77328,64955,84704,97893,34676
"합계","2022","한국국적을 가지지 않은 자",기타외국인,586473,64684,30019,86282,164929,117729,85154,32233,5443
"합계","2022","한국국적을 취득한 자",소계,223825,6292,8873,15016,67034,54054,41774,21961,8821
"서울특별시","2016","한국국적을 가지지 않은 자",소계,335167,13653,13481,74848,60197,57913,70856,36084,8135
"서울특별시","2016","한국국적을 가지지 않은 자",외국인근로자,85878,*,49,10454,16311,21942,32054,4761,307
"서울특별시","2016","한국국적을 가지지 않은 자",결혼이민자,33139,*,55,4892,10395,8541,7086,1883,287
"서울특별시","2016","한국국적을 가지지 않은 자",유학생,37178,*,5266,29129,2469,273,35,6,*
"서울특별시","2016","한국국적을 가지지 않은 자",외국국적동포,80712,360,688,15159,12713,9790,13606,23183,5213
"서울특별시","2016","한국국적을 가지지 않은 자",기타외국인,98260,13293,7423,15214,18309,17367,18075,6251,2328
"서울특별시","2016","한국국적을 취득한 자",소계,40775,1092,1201,4363,8535,10539,9588,4258,1199
"서울특별시","2017","한국국적을 가지지 않은 자",소계,343927,12034,12425,80271,67505,57165,66831,39783,7913
"서울특별시","2017","한국국적을 가지지 않은 자",외국인근로자,70077,*,41,8587,15654,17796,25148,2733,118
"서울특별시","2017","한국국적을 가지지 않은 자",결혼이민자,32061,*,46,4445,10515,8102,6725,1971,257
"서울특별시","2017","한국국적을 가지지 않은 자",유학생,44150,*,6105,34983,2746,278,33,5,*
"서울특별시","2017","한국국적을 가지지 않은 자",외국국적동포,92060,352,647,14899,16098,11464,14960,27885,5755
"서울특별시","2017","한국국적을 가지지 않은 자",기타외국인,105579,11682,5586,17357,22492,19525,19965,7189,1783
"서울특별시","2017","한국국적을 취득한 자",소계,41692,1063,1321,3864,8718,10661,9684,4999,1382
"서울특별시","2018","한국국적을 가지지 않은 자",소계,374425,13835,13819,89502,74033,60310,72884,41854,8188
"서울특별시","2018","한국국적을 가지지 않은 자",외국인근로자,80567,*,146,8420,16151,20002,32731,2986,131
"서울특별시","2018","한국국적을 가지지 않은 자",결혼이민자,32677,*,61,4097,10764,8099,6975,2391,290
"서울특별시","2018","한국국적을 가지지 않은 자",유학생,50488,*,6132,41160,2871,290,26,9,*
"서울특별시","2018","한국국적을 가지지 않은 자",외국국적동포,93067,324,604,12904,16634,11428,15394,29369,6410
"서울특별시","2018","한국국적을 가지지 않은 자",기타외국인,117626,13511,6876,22921,27613,20491,17758,7099,1357
"서울특별시","2018","한국국적을 취득한 자",소계,42040,1088,1467,3248,8639,10524,9900,5613,1561
"서울특별시","2019","한국국적을 가지지 않은 자",소계,390177,17142,15273,93973,76587,60561,73670,43403,9568
"서울특별시","2019","한국국적을 가지지 않은 자",외국인근로자,75322,*,157,7940,14294,17734,31532,3525,140
"서울특별시","2019","한국국적을 가지지 않은 자",결혼이민자,33281,*,87,3940,10673,8156,7255,2806,364
"서울특별시","2019","한국국적을 가지지 않은 자",유학생,54647,*,6777,44392,3098,331,40,9,*
"서울특별시","2019","한국국적을 가지지 않은 자",외국국적동포,91166,301,573,11092,16646,11255,15494,29060,6745
"서울특별시","2019","한국국적을 가지지 않은 자",기타외국인,135761,16841,7679,26609,31876,23085,19349,8003,2319
"서울특별시","2019","한국국적을 취득한 자",소계,42208,1088,1626,2936,8611,10372,10005,5939,1631
"서울특별시","2020","한국국적을 가지지 않은 자",소계,366454,15511,11638,77852,75729,56398,71696,47061,10569
"서울특별시","2020","한국국적을 가지지 않은 자",외국인근로자,63526,*,100,6790,12354,13441,27192,3493,156
"서울특별시","2020","한국국적을 가지지 않은 자",결혼이민자,31661,*,61,3964,11138,7996,5848,2281,373
"서울특별시","2020","한국국적을 가지지 않은 자",유학생,46925,*,4406,38539,3563,349,59,9,*
"서울특별시","2020","한국국적을 가지지 않은 자",외국국적동포,102828,350,663,9849,18560,13306,19133,32390,8577
"서울특별시","2020","한국국적을 가지지 않은 자",기타외국인,121514,15161,6408,18710,30114,21306,19464,8888,1463
"서울특별시","2020","한국국적을 취득한 자",소계,43769,1216,1787,2720,8655,10152,10301,6707,2231
"서울특별시","2021","한국국적을 가지지 않은 자",소계,347080,14360,11418,75599,70484,51505,69103,43689,10922
"서울특별시","2021","한국국적을 가지지 않은 자",외국인근로자,49668,*,212,6468,9994,9500,21429,1895,169
"서울특별시","2021","한국국적을 가지지 않은 자",결혼이민자,31098,*,6,3675,10965,7952,5844,2253,403
"서울특별시","2021","한국국적을 가지지 않은 자",유학생,51854,*,3835,43253,4278,402,78,7,*
"서울특별시","2021","한국국적을 가지지 않은 자",외국국적동포,103128,307,554,7613,17895,13979,23137,30815,8828
"서울특별시","2021","한국국적을 가지지 않은 자",기타외국인,111332,14052,6811,14590,27352,19672,18615,8719,1521
"서울특별시","2021","한국국적을 취득한 자",소계,44768,1219,1982,2557,8539,9846,10876,7033,2716
"서울특별시","2022","한국국적을 가지지 않은 자",소계,360947,13588,14220,87391,68965,50786,67466,45901,12630
"서울특별시","2022","한국국적을 가지지 않은 자",외국인근로자,43667,*,232,6631,8903,7808,17598,2340,154
"서울특별시","2022","한국국적을 가지지 않은 자",결혼이민자,31777,*,7,3135,10588,8300,6310,2886,551
"서울특별시","2022","한국국적을 가지지 않은 자",유학생,66975,*,5849,55275,5250,503,87,9,*
"서울특별시","2022","한국국적을 가지지 않은 자",외국국적동포,105356,607,1395,6767,17066,13862,24474,31058,10127
"서울특별시","2022","한국국적을 가지지 않은 자",기타외국인,113172,12980,6737,15583,27158,20313,18997,9608,1796
"서울특별시","2022","한국국적을 취득한 자",소계,45792,1104,2210,2381,8087,9900,11153,7578,3379
"부산광역시","2016","한국국적을 가지지 않은 자",소계,46168,1015,2180,17055,12422,6892,4197,1826,581
"부산광역시","2016","한국국적을 가지지 않은 자",외국인근로자,15934,*,9,6220,6581,2324,687,107,6
"부산광역시","2016","한국국적을 가지지 않은 자",결혼이민자,6672,*,44,2358,2266,1237,602,132,33
"부산광역시","2016","한국국적을 가지지 않은 자",유학생,7346,*,1154,5769,378,40,*,*,*
"부산광역시","2016","한국국적을 가지지 않은 자",외국국적동포,3644,41,70,479,638,617,735,819,245
"부산광역시","2016","한국국적을 가지지 않은 자",기타외국인,12572,974,903,2229,2559,2674,2171,766,296
"부산광역시","2016","한국국적을 취득한 자",소계,5181,117,141,1051,1770,1207,652,199,44
"부산광역시","2017","한국국적을 가지지 않은 자",소계,48808,781,2344,18073,13540,7217,4397,1918,538
"부산광역시","2017","한국국적을 가지지 않은 자",외국인근로자,14901,*,6,5557,6538,2164,555,76,5
"부산광역시","2017","한국국적을 가지지 않은 자",결혼이민자,6841,*,30,2144,2514,1306,667,146,34
"부산광역시","2017","한국국적을 가지지 않은 자",유학생,9071,*,1497,7031,498,42,*,*,*
"부산광역시","2017","한국국적을 가지지 않은 자",외국국적동포,3961,35,61,491,732,674,779,923,266
"부산광역시","2017","한국국적을 가지지 않은 자",기타외국인,14034,746,750,2850,3258,3031,2394,773,232
"부산광역시","2017","한국국적을 취득한 자",소계,5496,127,142,1005,1950,1283,699,233,57
"부산광역시","2018","한국국적을 가지지 않은 자",소계,55506,994,2853,21000,15606,8064,4537,1912,540
"부산광역시","2018","한국국적을 가지지 않은 자",외국인근로자,14779,*,10,5315,6574,2168,644,61,7
"부산광역시","2018","한국국적을 가지지 않은 자",결혼이민자,6949,*,41,1954,2677,1355,719,170,33
"부산광역시","2018","한국국적을 가지지 않은 자",유학생,11370,*,1891,8859,564,53,*,*,*
"부산광역시","2018","한국국적을 가지지 않은 자",외국국적동포,3911,24,50,423,709,660,795,937,313
"부산광역시","2018","한국국적을 가지지 않은 자",기타외국인,18497,970,861,4449,5082,3828,2377,744,186
"부산광역시","2018","한국국적을 취득한 자",소계,5671,133,157,866,2085,1349,745,268,68
"부산광역시","2019","한국국적을 가지지 않은 자",소계,60502,1290,2727,22486,17073,9041,5048,2159,678
"부산광역시","2019","한국국적을 가지지 않은 자",외국인근로자,13855,*,13,4779,6207,2114,653,79,10
"부산광역시","2019","한국국적을 가지지 않은 자",결혼이민자,7257,*,49,1828,2750,1519,824,237,50
"부산광역시","2019","한국국적을 가지지 않은 자",유학생,12475,*,1651,10012,727,81,*,*,*
"부산광역시","2019","한국국적을 가지지 않은 자",외국국적동포,3815,28,51,355,700,660,747,954,320
"부산광역시","2019","한국국적을 가지지 않은 자",기타외국인,23100,1262,963,5512,6689,4667,2822,889,296
"부산광역시","2019","한국국적을 취득한 자",소계,5998,144,169,940,2248,1359,765,302,71
"부산광역시","2020","한국국적을 가지지 않은 자",소계,54914,1199,1705,19169,16544,8472,4803,2351,671
"부산광역시","2020","한국국적을 가지지 않은 자",외국인근로자,12711,*,*,3927,5916,2082,684,92,7
"부산광역시","2020","한국국적을 가지지 않은 자",결혼이민자,7365,*,36,1695,3005,1536,803,237,53
"부산광역시","2020","한국국적을 가지지 않은 자",유학생,10547,*,861,8826,777,70,7,*,*
"부산광역시","2020","한국국적을 가지지 않은 자",외국국적동포,4197,36,70,307,728,711,832,1102,411
"부산광역시","2020","한국국적을 가지지 않은 자",기타외국인,20094,1163,735,4414,6118,4073,2477,918,196
"부산광역시","2020","한국국적을 취득한 자",소계,6422,148,186,886,2486,1437,813,369,97
"부산광역시","2021","한국국적을 가지지 않은 자",소계,53334,1267,1428,18301,16030,8396,4983,2239,690
"부산광역시","2021","한국국적을 가지지 않은 자",외국인근로자,11811,*,6,3386,5628,2053,657,74,7
"부산광역시","2021","한국국적을 가지지 않은 자",결혼이민자,7340,*,5,1466,3108,1618,855,222,66
"부산광역시","2021","한국국적을 가지지 않은 자",유학생,11317,*,696,9613,923,67,13,*,*
"부산광역시","2021","한국국적을 가지지 않은 자",외국국적동포,4219,54,57,300,712,728,918,1052,398
"부산광역시","2021","한국국적을 가지지 않은 자",기타외국인,18647,1213,664,3536,5659,3930,2540,890,215
"부산광역시","2021","한국국적을 취득한 자",소계,6700,166,211,811,2576,1528,909,378,121
"부산광역시","2022","한국국적을 가지지 않은 자",소계,55973,1319,1861,19041,16608,8972,5064,2327,781
"부산광역시","2022","한국국적을 가지지 않은 자",외국인근로자,12420,*,10,3604,5954,2166,603,78,5
"부산광역시","2022","한국국적을 가지지 않은 자",결혼이민자,7204,*,*,1170,2997,1762,915,282,76
"부산광역시","2022","한국국적을 가지지 않은 자",유학생,12579,*,981,10364,1121,104,5,*,*
"부산광역시","2022","한국국적을 가지지 않은 자",외국국적동포,4359,86,137,284,683,734,933,1046,456
"부산광역시","2022","한국국적을 가지지 않은 자",기타외국인,19411,1233,731,3619,5853,4206,2608,920,241
"부산광역시","2022","한국국적을 취득한 자",소계,7061,159,233,726,2606,1669,1074,441,153
"대구광역시","2016","한국국적을 가지지 않은 자",소계,30492,743,830,10415,8943,4991,3042,1141,387
"대구광역시","2016","한국국적을 가지지 않은 자",외국인근로자,11181,*,8,4528,4492,1533,538,75,7
"대구광역시","2016","한국국적을 가지지 않은 자",결혼이민자,4793,*,27,1836,1732,774,340,58,26
"대구광역시","2016","한국국적을 가지지 않은 자",유학생,2844,*,331,2238,252,22,*,*,*
"대구광역시","2016","한국국적을 가지지 않은 자",외국국적동포,2637,8,15,317,520,572,539,505,161
"대구광역시","2016","한국국적을 가지지 않은 자",기타외국인,9037,735,449,1496,1947,2090,1624,503,193
"대구광역시","2016","한국국적을 취득한 자",소계,3610,103,68,800,1432,793,292,93,29
"대구광역시","2017","한국국적을 가지지 않은 자",소계,31365,635,860,10297,9548,5167,3259,1258,341
"대구광역시","2017","한국국적을 가지지 않은 자",외국인근로자,10219,*,*,3937,4289,1426,501,58,6
"대구광역시","2017","한국국적을 가지지 않은 자",결혼이민자,4943,*,33,1677,1911,860,376,66,20
"대구광역시","2017","한국국적을 가지지 않은 자",유학생,3240,*,435,2497,286,21,*,*,*
"대구광역시","2017","한국국적을 가지지 않은 자",외국국적동포,2986,14,21,353,619,637,576,601,165
"대구광역시","2017","한국국적을 가지지 않은 자",기타외국인,9977,621,369,1833,2443,2223,1805,533,150
"대구광역시","2017","한국국적을 취득한 자",소계,3872,108,73,748,1630,850,329,103,31
"대구광역시","2018","한국국적을 가지지 않은 자",소계,35280,790,1360,11628,10910,5590,3337,1320,345
"대구광역시","2018","한국국적을 가지지 않은 자",외국인근로자,9718,*,10,3601,4203,1342,504,52,6
"대구광역시","2018","한국국적을 가지지 않은 자",결혼이민자,5154,*,28,1544,2113,949,420,85,15
"대구광역시","2018","한국국적을 가지지 않은 자",유학생,4248,*,773,3099,356,17,*,*,*
"대구광역시","2018","한국국적을 가지지 않은 자",외국국적동포,3172,13,22,347,637,675,612,669,197
"대구광역시","2018","한국국적을 가지지 않은 자",기타외국인,12988,777,527,3037,3601,2607,1798,514,127
"대구광역시","2018","한국국적을 취득한 자",소계,4022,113,93,603,1762,944,361,114,32
"대구광역시","2019","한국국적을 가지지 않은 자",소계,40092,1142,2168,12866,11902,6368,3778,1431,437
"대구광역시","2019","한국국적을 가지지 않은 자",외국인근로자,9358,*,20,3354,3926,1418,580,53,7
"대구광역시","2019","한국국적을 가지지 않은 자",결혼이민자,5382,*,44,1450,2239,1043,486,99,21
"대구광역시","2019","한국국적을 가지지 않은 자",유학생,5960,*,1450,4117,378,13,*,*,*
"대구광역시","2019","한국국적을 가지지 않은 자",외국국적동포,3212,12,22,289,688,681,649,662,209
"대구광역시","2019","한국국적을 가지지 않은 자",기타외국인,16180,1130,632,3656,4671,3213,2061,617,200
"대구광역시","2019","한국국적을 취득한 자",소계,4330,125,118,612,1956,990,363,129,37
"대구광역시","2020","한국국적을 가지지 않은 자",소계,37398,1006,1806,11899,11381,5883,3569,1431,423
"대구광역시","2020","한국국적을 가지지 않은 자",외국인근로자,8026,*,*,2628,3546,1294,495,53,6
"대구광역시","2020","한국국적을 가지지 않은 자",결혼이민자,5474,*,27,1339,2428,1048,494,117,21
"대구광역시","2020","한국국적을 가지지 않은 자",유학생,6128,*,1266,4459,387,13,*,*,*
"대구광역시","2020","한국국적을 가지지 않은 자",외국국적동포,3380,10,31,278,677,680,749,698,257
"대구광역시","2020","한국국적을 가지지 않은 자",기타외국인,14390,996,478,3195,4343,2848,1828,563,139
"대구광역시","2020","한국국적을 취득한 자",소계,4669,131,146,562,2120,1070,437,155,48
"대구광역시","2021","한국국적을 가지지 않은 자",소계,36956,1118,1110,12288,11047,5883,3697,1360,453
"대구광역시","2021","한국국적을 가지지 않은 자",외국인근로자,7273,*,8,2201,3291,1234,502,31,6
"대구광역시","2021","한국국적을 가지지 않은 자",결혼이민자,5421,*,6,1195,2460,1113,517,104,26
"대구광역시","2021","한국국적을 가지지 않은 자",유학생,6968,*,544,5931,461,29,*,*,*
"대구광역시","2021","한국국적을 가지지 않은 자",외국국적동포,3490,14,31,277,681,728,787,690,282
"대구광역시","2021","한국국적을 가지지 않은 자",기타외국인,13804,1104,521,2684,4154,2779,1888,535,139
"대구광역시","2021","한국국적을 취득한 자",소계,4902,134,152,522,2204,1168,501,172,49
"대구광역시","2022","한국국적을 가지지 않은 자",소계,38849,1188,1336,12758,11386,6188,3951,1513,529
"대구광역시","2022","한국국적을 가지지 않은 자",외국인근로자,7444,*,12,2394,3301,1204,493,33,7
"대구광역시","2022","한국국적을 가지지 않은 자",결혼이민자,5411,*,*,991,2470,1225,546,141,36
"대구광역시","2022","한국국적을 가지지 않은 자",유학생,7555,*,643,6316,553,38,5,*,*
"대구광역시","2022","한국국적을 가지지 않은 자",외국국적동포,3812,61,122,314,698,739,806,727,345
"대구광역시","2022","한국국적을 가지지 않은 자",기타외국인,14627,1127,557,2743,4364,2982,2101,612,141
"대구광역시","2022","한국국적을 취득한 자",소계,5249,131,189,522,2206,1314,606,209,72
"인천광역시","2016","한국국적을 가지지 않은 자",소계,71873,2805,2063,17103,20898,12956,9830,4855,1363
"인천광역시","2016","한국국적을 가지지 않은 자",외국인근로자,25628,*,7,7368,9924,4610,3276,415,28
"인천광역시","2016","한국국적을 가지지 않은 자",결혼이민자,9873,*,30,2272,3498,2267,1486,276,44
"인천광역시","2016","한국국적을 가지지 않은 자",유학생,2702,*,464,1951,248,37,*,*,*
"인천광역시","2016","한국국적을 가지지 않은 자",외국국적동포,11881,70,110,1927,2320,1817,1804,3014,819
"인천광역시","2016","한국국적을 가지지 않은 자",기타외국인,21789,2735,1452,3585,4908,4225,3262,1150,472
"인천광역시","2016","한국국적을 취득한 자",소계,11115,317,324,1506,3272,3037,1831,630,198
"인천광역시","2017","한국국적을 가지지 않은 자",소계,79170,3369,2287,18147,23855,13820,10533,5692,1467
"인천광역시","2017","한국국적을 가지지 않은 자",외국인근로자,23783,*,13,6565,9795,4189,2911,297,13
"인천광역시","2017","한국국적을 가지지 않은 자",결혼이민자,10143,*,25,2081,3809,2290,1534,358,46
"인천광역시","2017","한국국적을 가지지 않은 자",유학생,3268,*,585,2367,279,35,*,*,*
"인천광역시","2017","한국국적을 가지지 않은 자",외국국적동포,14829,69,114,2291,3199,2250,2183,3709,1014
"인천광역시","2017","한국국적을 가지지 않은 자",기타외국인,27147,3300,1550,4843,6773,5056,3903,1328,394
"인천광역시","2017","한국국적을 취득한 자",소계,12483,352,360,1537,3692,3329,2125,861,227
"인천광역시","2018","한국국적을 가지지 않은 자",소계,88489,4444,3033,20101,26531,14789,11561,6464,1566
"인천광역시","2018","한국국적을 가지지 않은 자",외국인근로자,25539,*,39,7076,10041,4359,3659,349,16
"인천광역시","2018","한국국적을 가지지 않은 자",결혼이민자,10875,*,45,1979,4086,2530,1708,478,49
"인천광역시","2018","한국국적을 가지지 않은 자",유학생,3978,*,841,2793,298,42,*,*,*
"인천광역시","2018","한국국적을 가지지 않은 자",외국국적동포,17295,73,132,2429,3971,2602,2540,4333,1215
"인천광역시","2018","한국국적을 가지지 않은 자",기타외국인,30802,4371,1976,5824,8135,5256,3650,1304,286
"인천광역시","2018","한국국적을 취득한 자",소계,13560,422,421,1388,3922,3603,2448,1079,277
"인천광역시","2019","한국국적을 가지지 않은 자",소계,100174,6067,4443,21726,28732,16485,13266,7458,1997
"인천광역시","2019","한국국적을 가지지 않은 자",외국인근로자,25209,*,44,6827,9549,4426,3914,430,19
"인천광역시","2019","한국국적을 가지지 않은 자",결혼이민자,11545,*,44,1952,4323,2637,1928,590,71
"인천광역시","2019","한국국적을 가지지 않은 자",유학생,6068,*,1861,3805,354,40,7,*,*
"인천광역시","2019","한국국적을 가지지 않은 자",외국국적동포,18942,71,137,2338,4554,2849,2849,4753,1391
"인천광역시","2019","한국국적을 가지지 않은 자",기타외국인,38410,5996,2357,6804,9952,6533,4568,1684,516
"인천광역시","2019","한국국적을 취득한 자",소계,14666,478,491,1351,4261,3819,2695,1279,292
"인천광역시","2020","한국국적을 가지지 않은 자",소계,99212,6010,3292,19403,29419,16608,13580,8543,2357
"인천광역시","2020","한국국적을 가지지 않은 자",외국인근로자,22450,*,26,5672,8722,3898,3626,468,38
"인천광역시","2020","한국국적을 가지지 않은 자",결혼이민자,11771,*,31,1950,4632,2706,1807,582,63
"인천광역시","2020","한국국적을 가지지 않은 자",유학생,5177,*,770,4008,351,41,7,*,*
"인천광역시","2020","한국국적을 가지지 않은 자",외국국적동포,22213,78,163,2133,5505,3428,3434,5579,1893
"인천광역시","2020","한국국적을 가지지 않은 자",기타외국인,37601,5932,2302,5640,10209,6535,4706,1914,363
"인천광역시","2020","한국국적을 취득한 자",소계,16100,636,570,1238,4676,4040,2968,1553,419
"인천광역시","2021","한국국적을 가지지 않은 자",소계,100379,6876,3455,17532,29968,16995,14214,8726,2613
"인천광역시","2021","한국국적을 가지지 않은 자",외국인근로자,19718,*,47,4771,7991,3395,3176,300,38
"인천광역시","2021","한국국적을 가지지 않은 자",결혼이민자,12216,*,8,1810,4878,2914,1940,585,81
"인천광역시","2021","한국국적을 가지지 않은 자",유학생,5184,*,513,4204,415,41,11,*,*
"인천광역시","2021","한국국적을 가지지 않은 자",외국국적동포,24953,105,217,1984,6441,4086,4250,5781,2089
"인천광역시","2021","한국국적을 가지지 않은 자",기타외국인,38308,6771,2670,4763,10243,6559,4837,2060,405
"인천광역시","2021","한국국적을 취득한 자",소계,17363,752,693,1077,4975,4189,3358,1778,541
"인천광역시","2022","한국국적을 가지지 않은 자",소계,110201,7642,4828,19237,31620,18532,15154,9955,3233
"인천광역시","2022","한국국적을 가지지 않은 자",외국인근로자,19814,*,77,5262,8027,3234,2834,353,27
"인천광역시","2022","한국국적을 가지지 않은 자",결혼이민자,12664,*,6,1515,4975,3194,2084,779,111
"인천광역시","2022","한국국적을 가지지 않은 자",유학생,6360,*,842,4996,458,53,9,*,*
"인천광역시","2022","한국국적을 가지지 않은 자",외국국적동포,29114,424,888,2212,7042,4596,4894,6435,2623
"인천광역시","2022","한국국적을 가지지 않은 자",기타외국인,42249,7218,3015,5252,11118,7455,5333,2386,472
"인천광역시","2022","한국국적을 취득한 자",소계,18888,786,813,1038,5117,4599,3734,2104,697
"광주광역시","2016","한국국적을 가지지 않은 자",소계,23701,627,833,9196,5964,3679,2371,810,221
"광주광역시","2016","한국국적을 가지지 않은 자",외국인근로자,7538,*,9,3222,2540,1150,562,53,*
"광주광역시","2016","한국국적을 가지지 않은 자",결혼이민자,3298,*,23,1228,1066,620,307,46,8
"광주광역시","2016","한국국적을 가지지 않은 자",유학생,3577,*,395,2894,273,15,*,*,*
"광주광역시","2016","한국국적을 가지지 않은 자",외국국적동포,2173,15,16,369,480,398,362,431,102
"광주광역시","2016","한국국적을 가지지 않은 자",기타외국인,7115,612,390,1483,1605,1496,1140,280,109
"광주광역시","2016","한국국적을 취득한 자",소계,2703,51,49,646,1092,579,210,64,12
"광주광역시","2017","한국국적을 가지지 않은 자",소계,26052,681,951,9906,6751,3998,2603,947,215
"광주광역시","2017","한국국적을 가지지 않은 자",외국인근로자,7413,*,9,3061,2637,1136,522,46,*
"광주광역시","2017","한국국적을 가지지 않은 자",결혼이민자,3372,*,19,1154,1152,632,356,50,9
"광주광역시","2017","한국국적을 가지지 않은 자",유학생,4271,*,501,3441,318,10,*,*,*
"광주광역시","2017","한국국적을 가지지 않은 자",외국국적동포,2652,15,18,423,651,498,413,519,115
"광주광역시","2017","한국국적을 가지지 않은 자",기타외국인,8344,666,404,1827,1993,1722,1311,332,89
"광주광역시","2017","한국국적을 취득한 자",소계,2912,53,53,592,1249,640,239,72,14
"광주광역시","2018","한국국적을 가지지 않은 자",소계,29833,850,1470,11346,7728,4490,2752,975,222
"광주광역시","2018","한국국적을 가지지 않은 자",외국인근로자,7515,*,29,3094,2574,1162,605,49,*
"광주광역시","2018","한국국적을 가지지 않은 자",결혼이민자,3413,*,20,1061,1241,635,396,53,7
"광주광역시","2018","한국국적을 가지지 않은 자",유학생,5203,*,839,4017,333,14,*,*,*
"광주광역시","2018","한국국적을 가지지 않은 자",외국국적동포,2829,12,18,431,694,531,435,569,139
"광주광역시","2018","한국국적을 가지지 않은 자",기타외국인,10873,838,564,2743,2886,2148,1316,304,74
"광주광역시","2018","한국국적을 취득한 자",소계,3042,60,57,492,1346,718,272,82,15
"광주광역시","2019","한국국적을 가지지 않은 자",소계,33286,1247,1713,12302,8641,4944,3080,1074,285
"광주광역시","2019","한국국적을 가지지 않은 자",외국인근로자,7312,*,39,3104,2384,1109,636,39,*
"광주광역시","2019","한국국적을 가지지 않은 자",결혼이민자,3635,*,25,995,1376,689,465,76,9
"광주광역시","2019","한국국적을 가지지 않은 자",유학생,6156,*,972,4744,425,15,*,*,*
"광주광역시","2019","한국국적을 가지지 않은 자",외국국적동포,2944,12,16,382,761,570,458,585,160
"광주광역시","2019","한국국적을 가지지 않은 자",기타외국인,13239,1235,661,3077,3695,2561,1521,374,115
"광주광역시","2019","한국국적을 취득한 자",소계,3297,63,67,546,1451,790,271,93,16
"광주광역시","2020","한국국적을 가지지 않은 자",소계,30573,1065,1203,10964,8432,4631,2912,1099,267
"광주광역시","2020","한국국적을 가지지 않은 자",외국인근로자,6392,*,13,2540,2214,1008,565,50,*
"광주광역시","2020","한국국적을 가지지 않은 자",결혼이민자,3723,*,17,938,1538,697,454,71,8
"광주광역시","2020","한국국적을 가지지 않은 자",유학생,5576,*,558,4543,459,16,*,*,*
"광주광역시","2020","한국국적을 가지지 않은 자",외국국적동포,3223,15,26,385,819,657,507,623,191
"광주광역시","2020","한국국적을 가지지 않은 자",기타외국인,11659,1050,589,2558,3402,2253,1386,355,66
"광주광역시","2020","한국국적을 취득한 자",소계,3483,66,81,476,1568,858,304,110,20
"광주광역시","2021","한국국적을 가지지 않은 자",소계,30497,1330,1054,10793,8321,4583,2969,1150,297
"광주광역시","2021","한국국적을 가지지 않은 자",외국인근로자,5498,*,15,2071,2052,842,479,38,*
"광주광역시","2021","한국국적을 가지지 않은 자",결혼이민자,3709,*,*,854,1573,743,444,79,12
"광주광역시","2021","한국국적을 가지지 않은 자",유학생,6184,*,369,5286,496,33,*,*,*
"광주광역시","2021","한국국적을 가지지 않은 자",외국국적동포,4010,27,34,523,1060,826,657,664,219
"광주광역시","2021","한국국적을 가지지 않은 자",기타외국인,11096,1303,632,2059,3140,2139,1389,369,65
"광주광역시","2021","한국국적을 취득한 자",소계,3675,68,88,438,1647,938,357,118,21
"광주광역시","2022","한국국적을 가지지 않은 자",소계,32863,1486,1439,11347,8745,4907,3222,1334,383
"광주광역시","2022","한국국적을 가지지 않은 자",외국인근로자,5723,*,32,2295,2109,799,447,40,*
"광주광역시","2022","한국국적을 가지지 않은 자",결혼이민자,3695,*,5,751,1535,806,479,101,18
"광주광역시","2022","한국국적을 가지지 않은 자",유학생,6462,*,461,5447,517,36,*,*,*
"광주광역시","2022","한국국적을 가지지 않은 자",외국국적동포,4851,82,240,615,1197,944,728,753,292
"광주광역시","2022","한국국적을 가지지 않은 자",기타외국인,12132,1404,701,2239,3387,2322,1567,440,72
"광주광역시","2022","한국국적을 취득한 자",소계,3950,67,104,414,1707,1045,446,132,35
"대전광역시","2016","한국국적을 가지지 않은 자",소계,19687,714,1159,7904,4124,2641,1999,891,255
"대전광역시","2016","한국국적을 가지지 않은 자",외국인근로자,3079,*,*,994,1063,536,400,76,6
"대전광역시","2016","한국국적을 가지지 않은 자",결혼이민자,3361,*,21,1189,1167,597,319,64,*
"대전광역시","2016","한국국적을 가지지 않은 자",유학생,5467,*,727,4312,398,24,5,*,*
"대전광역시","2016","한국국적을 가지지 않은 자",외국국적동포,1644,13,25,266,249,265,284,414,128
"대전광역시","2016","한국국적을 가지지 않은 자",기타외국인,6136,701,382,1143,1247,1219,991,336,117
"대전광역시","2016","한국국적을 취득한 자",소계,2538,48,84,521,981,529,278,76,21
"대전광역시","2017","한국국적을 가지지 않은 자",소계,20534,573,1115,8229,4485,2821,2099,977,235
"대전광역시","2017","한국국적을 가지지 않은 자",외국인근로자,2826,*,*,903,1034,490,345,52,*
"대전광역시","2017","한국국적을 가지지 않은 자",결혼이민자,3346,*,19,1036,1232,625,352,74,8
"대전광역시","2017","한국국적을 가지지 않은 자",유학생,6003,*,831,4713,427,28,*,*,*
"대전광역시","2017","한국국적을 가지지 않은 자",외국국적동포,1805,9,27,237,300,301,327,472,132
"대전광역시","2017","한국국적을 가지지 않은 자",기타외국인,6554,564,238,1340,1492,1377,1072,378,93
"대전광역시","2017","한국국적을 취득한 자",소계,2760,51,81,526,1075,587,315,102,23
"대전광역시","2018","한국국적을 가지지 않은 자",소계,22858,757,1319,9010,5231,3116,2153,1032,240
"대전광역시","2018","한국국적을 가지지 않은 자",외국인근로자,2903,*,7,890,1015,514,416,58,*
"대전광역시","2018","한국국적을 가지지 않은 자",결혼이민자,3355,*,22,907,1276,649,393,98,10
"대전광역시","2018","한국국적을 가지지 않은 자",유학생,6470,*,929,5053,453,33,*,*,*
"대전광역시","2018","한국국적을 가지지 않은 자",외국국적동포,1821,7,25,235,277,263,332,528,154
"대전광역시","2018","한국국적을 가지지 않은 자",기타외국인,8309,750,336,1925,2210,1657,1010,348,73
"대전광역시","2018","한국국적을 취득한 자",소계,2877,59,80,458,1142,626,362,122,28
"대전광역시","2019","한국국적을 가지지 않은 자",소계,25147,999,1659,9321,5876,3476,2403,1102,311
"대전광역시","2019","한국국적을 가지지 않은 자",외국인근로자,2879,*,7,892,983,506,430,58,*
"대전광역시","2019","한국국적을 가지지 않은 자",결혼이민자,3457,*,31,860,1347,669,424,114,12
"대전광역시","2019","한국국적을 가지지 않은 자",유학생,7009,*,1179,5252,525,47,5,*,*
"대전광역시","2019","한국국적을 가지지 않은 자",외국국적동포,1798,*,24,168,309,255,343,524,172
"대전광역시","2019","한국국적을 가지지 않은 자",기타외국인,10004,996,418,2149,2712,1999,1201,405,124
"대전광역시","2019","한국국적을 취득한 자",소계,3059,72,84,450,1258,665,357,145,28
"대전광역시","2020","한국국적을 가지지 않은 자",소계,22928,902,1105,8041,5809,3209,2374,1161,327
"대전광역시","2020","한국국적을 가지지 않은 자",외국인근로자,2838,*,*,836,1047,452,432,63,8
"대전광역시","2020","한국국적을 가지지 않은 자",결혼이민자,3538,*,21,844,1412,710,432,107,12
"대전광역시","2020","한국국적을 가지지 않은 자",유학생,5807,*,741,4447,560,52,6,*,*
"대전광역시","2020","한국국적을 가지지 않은 자",외국국적동포,2033,*,23,169,289,288,428,601,231
"대전광역시","2020","한국국적을 가지지 않은 자",기타외국인,8712,898,320,1745,2501,1707,1076,389,76
"대전광역시","2020","한국국적을 취득한 자",소계,3228,83,83,413,1359,725,367,164,34
"대전광역시","2021","한국국적을 가지지 않은 자",소계,23263,952,1160,8540,5628,3142,2369,1123,349
"대전광역시","2021","한국국적을 가지지 않은 자",외국인근로자,2624,*,*,763,949,435,421,51,*
"대전광역시","2021","한국국적을 가지지 않은 자",결혼이민자,3472,*,*,733,1435,735,444,107,14
"대전광역시","2021","한국국적을 가지지 않은 자",유학생,6866,*,793,5362,639,60,10,*,*
"대전광역시","2021","한국국적을 가지지 않은 자",외국국적동포,2075,5,19,166,266,307,452,605,255
"대전광역시","2021","한국국적을 가지지 않은 자",기타외국인,8226,947,343,1516,2339,1605,1042,358,76
"대전광역시","2021","한국국적을 취득한 자",소계,3420,78,110,375,1390,826,408,188,45
"대전광역시","2022","한국국적을 가지지 않은 자",소계,26283,923,2034,10111,5813,3291,2476,1228,407
"대전광역시","2022","한국국적을 가지지 않은 자",외국인근로자,2631,*,*,822,959,423,354,64,6
"대전광역시","2022","한국국적을 가지지 않은 자",결혼이민자,3398,*,*,585,1396,766,495,137,18
"대전광역시","2022","한국국적을 가지지 않은 자",유학생,9399,*,1625,6958,729,77,8,*,*
"대전광역시","2022","한국국적을 가지지 않은 자",외국국적동포,2076,18,27,142,263,299,435,601,291
"대전광역시","2022","한국국적을 가지지 않은 자",기타외국인,8779,905,378,1604,2466,1726,1184,424,92
"대전광역시","2022","한국국적을 취득한 자",소계,3591,84,110,350,1404,887,482,216,58
"울산광역시","2016","한국국적을 가지지 않은 자",소계,28792,959,582,7402,7932,5640,4416,1507,354
"울산광역시","2016","한국국적을 가지지 않은 자",외국인근로자,11690,*,10,3843,4215,2065,1442,110,5
"울산광역시","2016","한국국적을 가지지 않은 자",결혼이민자,3332,*,22,1148,1148,613,332,62,7
"울산광역시","2016","한국국적을 가지지 않은 자",유학생,1067,*,188,768,105,6,*,*,*
"울산광역시","2016","한국국적을 가지지 않은 자",외국국적동포,5150,*,22,561,845,1353,1184,935,247
"울산광역시","2016","한국국적을 가지지 않은 자",기타외국인,7553,956,340,1082,1619,1603,1458,400,95
"울산광역시","2016","한국국적을 취득한 자",소계,2885,65,48,534,1097,648,362,106,25
"울산광역시","2017","한국국적을 가지지 않은 자",소계,26601,777,532,6501,7666,5148,4114,1510,353
"울산광역시","2017","한국국적을 가지지 않은 자",외국인근로자,9218,*,9,2884,3703,1549,1016,55,*
"울산광역시","2017","한국국적을 가지지 않은 자",결혼이민자,3346,*,22,1064,1226,612,349,67,6
"울산광역시","2017","한국국적을 가지지 않은 자",유학생,1171,*,158,875,134,*,*,*,*
"울산광역시","2017","한국국적을 가지지 않은 자",외국국적동포,5091,*,16,459,830,1306,1225,985,266
"울산광역시","2017","한국국적을 가지지 않은 자",기타외국인,7775,773,327,1219,1773,1677,1524,403,79
"울산광역시","2017","한국국적을 취득한 자",소계,2950,53,50,437,1213,671,378,121,27
"울산광역시","2018","한국국적을 가지지 않은 자",소계,27162,712,633,6752,7880,5091,4229,1491,374
"울산광역시","2018","한국국적을 가지지 않은 자",외국인근로자,8818,*,17,2678,3441,1414,1206,62,*
"울산광역시","2018","한국국적을 가지지 않은 자",결혼이민자,3373,*,21,949,1301,633,380,76,13
"울산광역시","2018","한국국적을 가지지 않은 자",유학생,1446,*,193,1114,132,7,*,*,*
"울산광역시","2018","한국국적을 가지지 않은 자",외국국적동포,4948,6,13,371,792,1208,1269,984,305
"울산광역시","2018","한국국적을 가지지 않은 자",기타외국인,8577,706,389,1640,2214,1829,1374,369,56
"울산광역시","2018","한국국적을 취득한 자",소계,3038,57,54,333,1301,720,405,142,26
"울산광역시","2019","한국국적을 가지지 않은 자",소계,28604,890,720,7175,8212,5207,4415,1561,424
"울산광역시","2019","한국국적을 가지지 않은 자",외국인근로자,8338,*,17,2684,3177,1285,1114,60,*
"울산광역시","2019","한국국적을 가지지 않은 자",결혼이민자,3503,*,28,897,1391,680,394,97,16
"울산광역시","2019","한국국적을 가지지 않은 자",유학생,1704,*,218,1316,164,6,*,*,*
"울산광역시","2019","한국국적을 가지지 않은 자",외국국적동포,4830,*,10,297,734,1147,1350,977,313
"울산광역시","2019","한국국적을 가지지 않은 자",기타외국인,10229,888,447,1981,2746,2089,1557,427,94
"울산광역시","2019","한국국적을 취득한 자",소계,3145,54,65,308,1368,776,390,150,34
"울산광역시","2020","한국국적을 가지지 않은 자",소계,26895,842,562,6088,7888,4963,4395,1708,449
"울산광역시","2020","한국국적을 가지지 않은 자",외국인근로자,6997,*,*,2027,2845,1105,952,65,*
"울산광역시","2020","한국국적을 가지지 않은 자",결혼이민자,3461,*,16,788,1460,692,375,109,21
"울산광역시","2020","한국국적을 가지지 않은 자",유학생,1662,*,135,1336,181,10,*,*,*
"울산광역시","2020","한국국적을 가지지 않은 자",외국국적동포,5282,*,10,280,801,1160,1565,1087,376
"울산광역시","2020","한국국적을 가지지 않은 자",기타외국인,9493,839,399,1657,2601,1996,1503,447,51
"울산광역시","2020","한국국적을 취득한 자",소계,3382,68,79,305,1454,824,443,163,46
"울산광역시","2021","한국국적을 가지지 않은 자",소계,25388,844,478,5255,7630,4675,4380,1644,482
"울산광역시","2021","한국국적을 가지지 않은 자",외국인근로자,6041,*,*,1594,2661,943,802,37,*
"울산광역시","2021","한국국적을 가지지 않은 자",결혼이민자,3394,*,*,672,1502,699,393,100,26
"울산광역시","2021","한국국적을 가지지 않은 자",유학생,1649,*,63,1387,192,7,*,*,*
"울산광역시","2021","한국국적을 가지지 않은 자",외국국적동포,5228,*,8,254,769,1085,1686,1037,388
"울산광역시","2021","한국국적을 가지지 않은 자",기타외국인,9076,843,404,1348,2506,1941,1499,470,65
"울산광역시","2021","한국국적을 취득한 자",소계,3494,72,93,298,1391,918,487,173,62
"울산광역시","2022","한국국적을 가지지 않은 자",소계,26352,921,630,5177,8045,4776,4523,1723,557
"울산광역시","2022","한국국적을 가지지 않은 자",외국인근로자,6402,*,5,1783,2962,930,675,46,*
"울산광역시","2022","한국국적을 가지지 않은 자",결혼이민자,3338,*,*,559,1450,733,445,119,31
"울산광역시","2022","한국국적을 가지지 않은 자",유학생,1489,*,53,1244,184,8,*,*,*
"울산광역시","2022","한국국적을 가지지 않은 자",외국국적동포,5354,35,87,229,728,1031,1715,1075,454
"울산광역시","2022","한국국적을 가지지 않은 자",기타외국인,9769,886,484,1362,2721,2074,1688,483,71
"울산광역시","2022","한국국적을 취득한 자",소계,3669,79,125,257,1353,998,567,210,80
"세종특별자치시","2016","한국국적을 가지지 않은 자",소계,4835,107,170,1460,1348,813,637,243,57
"세종특별자치시","2016","한국국적을 가지지 않은 자",외국인근로자,1876,*,8,685,652,316,194,21,*
"세종특별자치시","2016","한국국적을 가지지 않은 자",결혼이민자,598,*,*,177,233,104,74,8,*
"세종특별자치시","2016","한국국적을 가지지 않은 자",유학생,556,*,115,314,113,14,*,*,*
"세종특별자치시","2016","한국국적을 가지지 않은 자",외국국적동포,604,*,*,69,84,119,136,153,39
"세종특별자치시","2016","한국국적을 가지지 않은 자",기타외국인,1201,107,41,215,266,260,233,61,18
"세종특별자치시","2016","한국국적을 취득한 자",소계,455,15,15,77,172,97,60,16,*
"세종특별자치시","2017","한국국적을 가지지 않은 자",소계,5290,107,212,1566,1499,894,674,289,49
"세종특별자치시","2017","한국국적을 가지지 않은 자",외국인근로자,1886,*,*,716,640,316,197,13,*
"세종특별자치시","2017","한국국적을 가지지 않은 자",결혼이민자,691,*,*,174,293,121,82,17,*
"세종특별자치시","2017","한국국적을 가지지 않은 자",유학생,606,*,148,323,124,11,*,*,*
"세종특별자치시","2017","한국국적을 가지지 않은 자",외국국적동포,770,*,*,80,121,170,169,189,36
"세종특별자치시","2017","한국국적을 가지지 않은 자",기타외국인,1337,105,53,273,321,276,226,70,13
"세종특별자치시","2017","한국국적을 취득한 자",소계,534,13,16,84,226,109,63,19,*
"세종특별자치시","2018","한국국적을 가지지 않은 자",소계,6486,138,365,2052,1798,1037,727,315,54
"세종특별자치시","2018","한국국적을 가지지 않은 자",외국인근로자,2013,*,*,743,728,305,219,14,*
"세종특별자치시","2018","한국국적을 가지지 않은 자",결혼이민자,758,*,*,178,331,140,83,20,*
"세종특별자치시","2018","한국국적을 가지지 않은 자",유학생,1023,*,274,627,106,16,*,*,*
"세종특별자치시","2018","한국국적을 가지지 않은 자",외국국적동포,821,*,*,74,134,168,187,209,45
"세종특별자치시","2018","한국국적을 가지지 않은 자",기타외국인,1871,136,81,430,499,408,238,72,7
"세종특별자치시","2018","한국국적을 취득한 자",소계,593,12,21,76,249,131,75,25,*
"세종특별자치시","2019","한국국적을 가지지 않은 자",소계,7829,175,415,2731,2093,1165,828,358,64
"세종특별자치시","2019","한국국적을 가지지 않은 자",외국인근로자,2117,*,*,844,701,304,242,23,*
"세종특별자치시","2019","한국국적을 가지지 않은 자",결혼이민자,824,*,*,183,357,167,89,24,*
"세종특별자치시","2019","한국국적을 가지지 않은 자",유학생,1437,*,297,987,139,14,*,*,*
"세종특별자치시","2019","한국국적을 가지지 않은 자",외국국적동포,832,*,5,70,126,153,194,238,44
"세종특별자치시","2019","한국국적을 가지지 않은 자",기타외국인,2619,173,108,647,770,527,303,73,18
"세종특별자치시","2019","한국국적을 취득한 자",소계,666,20,20,73,284,154,82,27,6
"세종특별자치시","2020","한국국적을 가지지 않은 자",소계,7244,157,189,2441,2127,1069,793,388,80
"세종특별자치시","2020","한국국적을 가지지 않은 자",외국인근로자,2020,*,*,785,720,278,211,26,*
"세종특별자치시","2020","한국국적을 가지지 않은 자",결혼이민자,878,*,7,183,397,173,93,21,*
"세종특별자치시","2020","한국국적을 가지지 않은 자",유학생,1180,*,114,926,133,7,*,*,*
"세종특별자치시","2020","한국국적을 가지지 않은 자",외국국적동포,918,*,*,61,139,160,222,263,66
"세종특별자치시","2020","한국국적을 가지지 않은 자",기타외국인,2248,153,65,486,738,451,267,78,10
"세종특별자치시","2020","한국국적을 취득한 자",소계,729,22,32,63,310,169,98,27,8
"세종특별자치시","2021","한국국적을 가지지 않은 자",소계,6991,178,215,2231,2016,1058,813,388,92
"세종특별자치시","2021","한국국적을 가지지 않은 자",외국인근로자,1908,*,*,727,705,269,197,10,*
"세종특별자치시","2021","한국국적을 가지지 않은 자",결혼이민자,880,*,*,167,395,193,92,29,*
"세종특별자치시","2021","한국국적을 가지지 않은 자",유학생,1279,*,151,958,164,6,*,*,*
"세종특별자치시","2021","한국국적을 가지지 않은 자",외국국적동포,983,6,*,56,138,180,248,272,79
"세종특별자치시","2021","한국국적을 가지지 않은 자",기타외국인,1941,172,60,323,614,410,276,77,9
"세종특별자치시","2021","한국국적을 취득한 자",소계,803,23,35,77,328,179,118,32,11
"세종특별자치시","2022","한국국적을 가지지 않은 자",소계,7197,216,280,2184,2046,1096,852,420,103
"세종특별자치시","2022","한국국적을 가지지 않은 자",외국인근로자,1794,*,*,669,672,250,184,17,*
"세종특별자치시","2022","한국국적을 가지지 않은 자",결혼이민자,884,*,*,134,378,221,102,45,*
"세종특별자치시","2022","한국국적을 가지지 않은 자",유학생,1410,*,183,1013,205,9,*,*,*
"세종특별자치시","2022","한국국적을 가지지 않은 자",외국국적동포,1028,7,17,54,152,185,250,276,87
"세종특별자치시","2022","한국국적을 가지지 않은 자",기타외국인,2081,209,78,314,639,431,316,82,12
"세종특별자치시","2022","한국국적을 취득한 자",소계,882,26,39,83,330,222,126,44,12
"경기도","2016","한국국적을 가지지 않은 자",소계,472699,15562,8513,115174,129575,86688,74798,35120,7269
"경기도","2016","한국국적을 가지지 않은 자",외국인근로자,204280,*,191,62304,67447,36517,33419,4174,227
"경기도","2016","한국국적을 가지지 않은 자",결혼이민자,46297,*,141,9711,15694,11360,7425,1699,267
"경기도","2016","한국국적을 가지지 않은 자",유학생,11879,*,1652,8802,1285,123,13,*,*
"경기도","2016","한국국적을 가지지 않은 자",외국국적동포,88179,267,518,13958,15922,14066,14876,23526,5046
"경기도","2016","한국국적을 가지지 않은 자",기타외국인,122064,15294,6011,20399,29227,24622,19065,5717,1729
"경기도","2016","한국국적을 취득한 자",소계,49551,1377,1311,6468,14047,13280,8633,3195,1240
"경기도","2017","한국국적을 가지지 않은 자",소계,497089,16334,8530,117896,141570,88662,75961,40311,7825
"경기도","2017","한국국적을 가지지 않은 자",외국인근로자,189028,*,141,58469,66587,32326,28756,2651,98
"경기도","2017","한국국적을 가지지 않은 자",결혼이민자,47161,*,119,8846,16692,11465,7901,1893,245
"경기도","2017","한국국적을 가지지 않은 자",유학생,14609,*,1985,10880,1560,173,11,*,*
"경기도","2017","한국국적을 가지지 않은 자",외국국적동포,106827,284,521,15167,21354,17141,17192,29074,6094
"경기도","2017","한국국적을 가지지 않은 자",기타외국인,139464,16050,5764,24534,35377,27557,22101,6693,1388
"경기도","2017","한국국적을 취득한 자",소계,53368,1385,1436,6179,15366,14237,9441,3951,1373
"경기도","2018","한국국적을 가지지 않은 자",소계,558197,19952,11544,130921,159793,96689,85829,44724,8745
"경기도","2018","한국국적을 가지지 않은 자",외국인근로자,205140,*,392,61705,69196,34364,36425,2952,106
"경기도","2018","한국국적을 가지지 않은 자",결혼이민자,50059,*,158,8505,17968,11967,8713,2459,289
"경기도","2018","한국국적을 가지지 않은 자",유학생,19101,*,2868,14239,1794,184,14,*,*
"경기도","2018","한국국적을 가지지 않은 자",외국국적동포,118760,279,527,14512,25293,18889,19301,32629,7330
"경기도","2018","한국국적을 가지지 않은 자",기타외국인,165137,19673,7599,31960,45542,31285,21376,6682,1020
"경기도","2018","한국국적을 취득한 자",소계,57082,1581,1701,5477,16185,15203,10503,4828,1604
"경기도","2019","한국국적을 가지지 않은 자",소계,594795,24588,13358,133068,169895,103021,91670,48534,10661
"경기도","2019","한국국적을 가지지 않은 자",외국인근로자,199634,*,392,58952,66722,33153,36635,3663,117
"경기도","2019","한국국적을 가지지 않은 자",결혼이민자,52697,*,211,8176,18847,12640,9457,2997,369
"경기도","2019","한국국적을 가지지 않은 자",유학생,21200,*,2950,16134,1895,199,19,*,*
"경기도","2019","한국국적을 가지지 않은 자",외국국적동포,124647,260,526,13074,27769,19918,20895,33965,8240
"경기도","2019","한국국적을 가지지 않은 자",기타외국인,196617,24328,9279,36732,54662,37111,24664,7906,1935
"경기도","2019","한국국적을 취득한 자",소계,60403,1799,2009,5247,17148,15802,11386,5400,1612
"경기도","2020","한국국적을 가지지 않은 자",소계,583462,24941,11806,114743,170768,100817,92993,54498,12896
"경기도","2020","한국국적을 가지지 않은 자",외국인근로자,176517,*,146,49061,61787,28706,33017,3666,134
"경기도","2020","한국국적을 가지지 않은 자",결혼이민자,52907,*,143,8245,20325,12581,8478,2714,421
"경기도","2020","한국국적을 가지지 않은 자",유학생,19501,*,1888,15455,1932,202,22,*,*
"경기도","2020","한국국적을 가지지 않은 자",외국국적동포,145609,294,638,12077,32780,23719,25744,39153,11204
"경기도","2020","한국국적을 가지지 않은 자",기타외국인,188928,24647,8991,29905,53944,35609,25732,8963,1137
"경기도","2020","한국국적을 취득한 자",소계,65976,2314,2404,4852,18544,16722,12580,6434,2126
"경기도","2021","한국국적을 가지지 않은 자",소계,571204,26300,12885,101218,166159,100519,96087,53889,14147
"경기도","2021","한국국적을 가지지 않은 자",외국인근로자,151037,*,273,40401,55266,24182,28716,2064,135
"경기도","2021","한국국적을 가지지 않은 자",결혼이민자,54467,*,30,7782,20939,13352,9010,2864,490
"경기도","2021","한국국적을 가지지 않은 자",유학생,22358,*,1785,17956,2372,216,26,*,*
"경기도","2021","한국국적을 가지지 않은 자",외국국적동포,160110,368,708,11307,36066,27424,32113,39853,12271
"경기도","2021","한국국적을 가지지 않은 자",기타외국인,183232,25932,10089,23772,51516,35345,26222,9105,1251
"경기도","2021","한국국적을 취득한 자",소계,70768,2660,2826,4484,19290,17524,14304,7050,2630
"경기도","2022","한국국적을 가지지 않은 자",소계,600925,27435,17371,106829,170259,104549,98512,58994,16976
"경기도","2022","한국국적을 가지지 않은 자",외국인근로자,149618,*,447,43629,56529,21783,24599,2517,114
"경기도","2022","한국국적을 가지지 않은 자",결혼이민자,55848,*,14,6562,20749,14505,9732,3626,660
"경기도","2022","한국국적을 가지지 않은 자",유학생,28077,*,2989,21862,2916,279,30,*,*
"경기도","2022","한국국적을 가지지 않은 자",외국국적동포,174317,1462,3147,10972,36711,29348,35715,42294,14668
"경기도","2022","한국국적을 가지지 않은 자",기타외국인,193065,25973,10774,23804,53354,38634,28436,10556,1534
"경기도","2022","한국국적을 취득한 자",소계,75288,2731,3335,4205,19463,18694,15566,8043,3251
"강원특별자치도","2016","한국국적을 가지지 않은 자",소계,19364,335,606,7139,4846,2871,2154,1053,360
"강원특별자치도","2016","한국국적을 가지지 않은 자",외국인근로자,6533,*,17,3088,2251,752,344,72,9
"강원특별자치도","2016","한국국적을 가지지 않은 자",결혼이민자,3547,*,32,1184,1142,671,436,63,19
"강원특별자치도","2016","한국국적을 가지지 않은 자",유학생,2358,*,321,1775,243,18,*,*,*
"강원특별자치도","2016","한국국적을 가지지 않은 자",외국국적동포,1584,5,15,139,153,197,338,542,195
"강원특별자치도","2016","한국국적을 가지지 않은 자",기타외국인,5342,330,221,953,1057,1233,1035,376,137
"강원특별자치도","2016","한국국적을 취득한 자",소계,3221,76,54,609,1195,795,342,104,46
"강원특별자치도","2017","한국국적을 가지지 않은 자",소계,20996,205,697,7963,5316,3056,2278,1129,352
"강원특별자치도","2017","한국국적을 가지지 않은 자",외국인근로자,6528,*,21,3057,2388,748,271,38,5
"강원특별자치도","2017","한국국적을 가지지 않은 자",결혼이민자,3538,*,24,1044,1154,697,514,82,23
"강원특별자치도","2017","한국국적을 가지지 않은 자",유학생,3288,*,466,2524,271,27,*,*,*
"강원특별자치도","2017","한국국적을 가지지 않은 자",외국국적동포,1779,*,11,140,159,244,386,622,213
"강원특별자치도","2017","한국국적을 가지지 않은 자",기타외국인,5863,201,175,1198,1344,1340,1107,387,111
"강원특별자치도","2017","한국국적을 취득한 자",소계,3451,55,58,594,1331,867,370,120,56
"강원특별자치도","2018","한국국적을 가지지 않은 자",소계,24149,250,870,9351,6380,3469,2411,1069,349
"강원특별자치도","2018","한국국적을 가지지 않은 자",외국인근로자,6553,*,29,2974,2417,772,322,35,*
"강원특별자치도","2018","한국국적을 가지지 않은 자",결혼이민자,3645,*,25,993,1223,695,576,108,25
"강원특별자치도","2018","한국국적을 가지지 않은 자",유학생,4248,*,536,3355,330,27,*,*,*
"강원특별자치도","2018","한국국적을 가지지 않은 자",외국국적동포,1818,6,12,128,193,267,390,604,218
"강원특별자치도","2018","한국국적을 가지지 않은 자",기타외국인,7885,244,268,1901,2217,1708,1123,322,102
"강원특별자치도","2018","한국국적을 취득한 자",소계,3567,54,64,495,1423,912,422,139,58
"강원특별자치도","2019","한국국적을 가지지 않은 자",소계,27008,379,827,10099,7217,3929,2870,1261,426
"강원특별자치도","2019","한국국적을 가지지 않은 자",외국인근로자,6550,*,9,2913,2454,785,354,32,*
"강원특별자치도","2019","한국국적을 가지지 않은 자",결혼이민자,3873,*,38,1022,1279,727,634,145,28
"강원특별자치도","2019","한국국적을 가지지 않은 자",유학생,4406,*,447,3630,310,18,*,*,*
"강원특별자치도","2019","한국국적을 가지지 않은 자",외국국적동포,1854,*,11,108,190,248,406,643,244
"강원특별자치도","2019","한국국적을 가지지 않은 자",기타외국인,10325,375,322,2426,2984,2151,1475,441,151
"강원특별자치도","2019","한국국적을 취득한 자",소계,3786,58,66,539,1545,935,438,150,55
"강원특별자치도","2020","한국국적을 가지지 않은 자",소계,24654,368,462,8781,6981,3705,2658,1287,412
"강원특별자치도","2020","한국국적을 가지지 않은 자",외국인근로자,5830,*,*,2355,2323,760,335,50,*
"강원특별자치도","2020","한국국적을 가지지 않은 자",결혼이민자,3927,*,30,987,1359,750,639,136,26
"강원특별자치도","2020","한국국적을 가지지 않은 자",유학생,3876,*,207,3316,331,22,*,*,*
"강원특별자치도","2020","한국국적을 가지지 않은 자",외국국적동포,2123,7,11,94,217,277,493,746,278
"강원특별자치도","2020","한국국적을 가지지 않은 자",기타외국인,8898,361,211,2029,2751,1896,1191,355,104
"강원특별자치도","2020","한국국적을 취득한 자",소계,4064,67,72,502,1660,1018,502,175,68
"강원특별자치도","2021","한국국적을 가지지 않은 자",소계,24582,380,529,8053,7145,3863,2800,1379,433
"강원특별자치도","2021","한국국적을 가지지 않은 자",외국인근로자,5398,*,6,1946,2271,797,337,38,*
"강원특별자치도","2021","한국국적을 가지지 않은 자",결혼이민자,3868,*,*,853,1416,765,655,151,24
"강원특별자치도","2021","한국국적을 가지지 않은 자",유학생,4131,*,276,3433,397,22,*,*,*
"강원특별자치도","2021","한국국적을 가지지 않은 자",외국국적동포,2312,9,15,95,250,299,540,813,291
"강원특별자치도","2021","한국국적을 가지지 않은 자",기타외국인,8873,371,228,1726,2811,1980,1265,377,115
"강원특별자치도","2021","한국국적을 취득한 자",소계,4367,78,87,459,1736,1109,614,210,74
"강원특별자치도","2022","한국국적을 가지지 않은 자",소계,27633,452,833,8803,8309,4334,2894,1482,526
"강원특별자치도","2022","한국국적을 가지지 않은 자",외국인근로자,6089,*,*,2281,2667,795,307,35,*
"강원특별자치도","2022","한국국적을 가지지 않은 자",결혼이민자,3800,*,*,678,1361,857,659,210,34
"강원특별자치도","2022","한국국적을 가지지 않은 자",유학생,5058,*,504,4026,490,37,*,*,*
"강원특별자치도","2022","한국국적을 가지지 않은 자",외국국적동포,2443,18,40,89,276,292,532,813,383
"강원특별자치도","2022","한국국적을 가지지 않은 자",기타외국인,10243,434,285,1729,3515,2353,1395,424,108
"강원특별자치도","2022","한국국적을 취득한 자",소계,4777,83,110,437,1801,1216,752,279,99
"충청북도","2016","한국국적을 가지지 않은 자",소계,44901,868,989,14302,12230,7710,6112,2211,479
"충청북도","2016","한국국적을 가지지 않은 자",외국인근로자,19718,*,32,7526,6879,2937,2088,249,7
"충청북도","2016","한국국적을 가지지 않은 자",결혼이민자,4841,*,30,1687,1535,934,559,85,11
"충청북도","2016","한국국적을 가지지 않은 자",유학생,2951,*,413,2403,125,10,*,*,*
"충청북도","2016","한국국적을 가지지 않은 자",외국국적동포,6453,17,21,624,1252,1362,1571,1333,273
"충청북도","2016","한국국적을 가지지 않은 자",기타외국인,10938,851,493,2062,2439,2467,1894,544,188
"충청북도","2016","한국국적을 취득한 자",소계,4592,91,107,833,1656,1001,548,201,155
"충청북도","2017","한국국적을 가지지 않은 자",소계,48237,982,1180,14968,13640,8163,6238,2547,519
"충청북도","2017","한국국적을 가지지 않은 자",외국인근로자,19087,*,31,7343,7095,2713,1776,127,*
"충청북도","2017","한국국적을 가지지 않은 자",결혼이민자,5005,*,22,1568,1650,987,649,114,15
"충청북도","2017","한국국적을 가지지 않은 자",유학생,3388,*,537,2672,165,13,*,*,*
"충청북도","2017","한국국적을 가지지 않은 자",외국국적동포,7846,17,38,747,1558,1633,1729,1756,368
"충청북도","2017","한국국적을 가지지 않은 자",기타외국인,12911,965,552,2638,3172,2817,2083,550,134
"충청북도","2017","한국국적을 취득한 자",소계,4877,87,111,746,1879,1082,596,221,155
"충청북도","2018","한국국적을 가지지 않은 자",소계,54835,1239,1462,17079,15982,9035,6727,2778,533
"충청북도","2018","한국국적을 가지지 않은 자",외국인근로자,20263,*,75,7934,7432,2722,1954,142,*
"충청북도","2018","한국국적을 가지지 않은 자",결혼이민자,5279,*,43,1502,1822,992,754,150,16
"충청북도","2018","한국국적을 가지지 않은 자",유학생,3919,*,616,3035,249,18,*,*,*
"충청북도","2018","한국국적을 가지지 않은 자",외국국적동포,8883,25,47,765,1798,1881,1968,1990,409
"충청북도","2018","한국국적을 가지지 않은 자",기타외국인,16491,1214,681,3843,4681,3422,2050,496,104
"충청북도","2018","한국국적을 취득한 자",소계,5112,93,119,616,2004,1186,674,254,166
"충청북도","2019","한국국적을 가지지 않은 자",소계,59783,1622,1667,17946,17604,9800,7405,3082,657
"충청북도","2019","한국국적을 가지지 않은 자",외국인근로자,20077,*,49,7799,7526,2589,1938,173,*
"충청북도","2019","한국국적을 가지지 않은 자",결혼이민자,5601,*,45,1435,1980,1109,822,191,19
"충청북도","2019","한국국적을 가지지 않은 자",유학생,4408,*,614,3441,324,28,*,*,*
"충청북도","2019","한국국적을 가지지 않은 자",외국국적동포,9342,28,37,742,1929,1930,2152,2063,461
"충청북도","2019","한국국적을 가지지 않은 자",기타외국인,20355,1594,922,4529,5845,4144,2492,655,174
"충청북도","2019","한국국적을 취득한 자",소계,5382,104,140,661,2135,1257,712,268,105
"충청북도","2020","한국국적을 가지지 않은 자",소계,57094,1575,1211,16030,17610,9443,7187,3301,737
"충청북도","2020","한국국적을 가지지 않은 자",외국인근로자,18099,*,23,6770,7167,2290,1685,160,*
"충청북도","2020","한국국적을 가지지 않은 자",결혼이민자,5670,*,31,1342,2173,1101,778,223,22
"충청북도","2020","한국국적을 가지지 않은 자",유학생,3822,*,253,3207,340,20,*,*,*
"충청북도","2020","한국국적을 가지지 않은 자",외국국적동포,10466,32,64,717,2104,2174,2476,2292,607
"충청북도","2020","한국국적을 가지지 않은 자",기타외국인,19037,1543,840,3994,5826,3858,2246,626,104
"충청북도","2020","한국국적을 취득한 자",소계,5816,129,153,628,2307,1347,806,317,129
"충청북도","2021","한국국적을 가지지 않은 자",소계,56631,2013,1346,14389,17386,9611,7612,3449,825
"충청북도","2021","한국국적을 가지지 않은 자",외국인근로자,16392,*,31,5722,6721,2175,1628,112,*
"충청북도","2021","한국국적을 가지지 않은 자",결혼이민자,5672,*,*,1207,2273,1164,791,210,24
"충청북도","2021","한국국적을 가지지 않은 자",유학생,3864,*,198,3289,352,24,*,*,*
"충청북도","2021","한국국적을 가지지 않은 자",외국국적동포,11637,50,97,868,2232,2335,2887,2477,691
"충청북도","2021","한국국적을 가지지 않은 자",기타외국인,19066,1963,1017,3303,5808,3913,2305,650,107
"충청북도","2021","한국국적을 취득한 자",소계,6212,129,179,583,2423,1476,921,345,156
"충청북도","2022","한국국적을 가지지 않은 자",소계,61617,2043,1869,15705,18788,10374,7969,3889,980
"충청북도","2022","한국국적을 가지지 않은 자",외국인근로자,18428,*,38,6807,7616,2330,1490,146,*
"충청북도","2022","한국국적을 가지지 않은 자",결혼이민자,5570,*,*,950,2244,1237,836,269,32
"충청북도","2022","한국국적을 가지지 않은 자",유학생,4568,*,441,3640,448,38,*,*,*
"충청북도","2022","한국국적을 가지지 않은 자",외국국적동포,12789,165,357,971,2280,2393,3078,2713,832
"충청북도","2022","한국국적을 가지지 않은 자",기타외국인,20262,1878,1031,3337,6200,4376,2564,761,115
"충청북도","2022","한국국적을 취득한 자",소계,6820,126,220,606,2524,1658,1069,427,190
"충청남도","2016","한국국적을 가지지 않은 자",소계,77533,1648,1675,24135,22380,13815,9345,3659,876
"충청남도","2016","한국국적을 가지지 않은 자",외국인근로자,34044,*,66,12505,12276,5544,3296,340,17
"충청남도","2016","한국국적을 가지지 않은 자",결혼이민자,8020,*,41,2688,2694,1469,937,168,23
"충청남도","2016","한국국적을 가지지 않은 자",유학생,5032,*,803,4008,202,15,*,*,*
"충청남도","2016","한국국적을 가지지 않은 자",외국국적동포,12263,33,42,1692,2734,2728,2223,2289,522
"충청남도","2016","한국국적을 가지지 않은 자",기타외국인,18174,1615,723,3242,4474,4059,2887,860,314
"충청남도","2016","한국국적을 취득한 자",소계,6843,138,176,1114,2453,1558,868,263,273
"충청남도","2017","한국국적을 가지지 않은 자",소계,84752,1893,2152,25706,25040,14903,10002,4144,912
"충청남도","2017","한국국적을 가지지 않은 자",외국인근로자,33806,*,55,12579,12645,5360,2971,191,5
"충청남도","2017","한국국적을 가지지 않은 자",결혼이민자,8162,*,37,2428,2861,1533,1078,198,27
"충청남도","2017","한국국적을 가지지 않은 자",유학생,6149,*,1209,4625,292,19,*,*,*
"충청남도","2017","한국국적을 가지지 않은 자",외국국적동포,15100,34,66,1897,3670,3398,2583,2824,628
"충청남도","2017","한국국적을 가지지 않은 자",기타외국인,21535,1859,785,4177,5572,4593,3366,931,252
"충청남도","2017","한국국적을 취득한 자",소계,7474,142,182,1123,2787,1718,955,320,247
"충청남도","2018","한국국적을 가지지 않은 자",소계,95838,2437,2772,28857,28833,16578,10807,4537,1017
"충청남도","2018","한국국적을 가지지 않은 자",외국인근로자,35275,*,78,13219,12982,5375,3413,205,*
"충청남도","2018","한국국적을 가지지 않은 자",결혼이민자,8564,*,43,2300,3153,1620,1156,265,27
"충청남도","2018","한국국적을 가지지 않은 자",유학생,7170,*,1399,5366,370,31,*,*,*
"충청남도","2018","한국국적을 가지지 않은 자",외국국적동포,17012,43,96,1864,4326,3828,2867,3187,801
"충청남도","2018","한국국적을 가지지 않은 자",기타외국인,27817,2394,1156,6108,8002,5724,3367,880,186
"충청남도","2018","한국국적을 취득한 자",소계,7832,151,203,905,3010,1836,1088,373,266
"충청남도","2019","한국국적을 가지지 않은 자",소계,104018,3080,3128,30276,31289,18153,11908,4942,1242
"충청남도","2019","한국국적을 가지지 않은 자",외국인근로자,34757,*,86,13211,12676,5163,3353,265,*
"충청남도","2019","한국국적을 가지지 않은 자",결혼이민자,9089,*,75,2202,3404,1717,1324,321,46
"충청남도","2019","한국국적을 가지지 않은 자",유학생,7662,*,1404,5719,486,48,5,*,*
"충청남도","2019","한국국적을 가지지 않은 자",외국국적동포,17827,40,77,1697,4594,4067,3182,3293,877
"충청남도","2019","한국국적을 가지지 않은 자",기타외국인,34683,3040,1486,7447,10129,7158,4044,1063,316
"충청남도","2019","한국국적을 취득한 자",소계,8234,170,226,929,3291,1925,1141,409,143
"충청남도","2020","한국국적을 가지지 않은 자",소계,99166,3028,2531,26829,30765,17563,11792,5312,1346
"충청남도","2020","한국국적을 가지지 않은 자",외국인근로자,31406,*,54,11334,11958,4762,3010,282,6
"충청남도","2020","한국국적을 가지지 않은 자",결혼이민자,9032,*,52,2038,3600,1738,1240,317,47
"충청남도","2020","한국국적을 가지지 않은 자",유학생,6816,*,888,5434,448,39,7,*,*
"충청남도","2020","한국국적을 가지지 않은 자",외국국적동포,19604,45,109,1532,4966,4411,3711,3711,1119
"충청남도","2020","한국국적을 가지지 않은 자",기타외국인,32308,2983,1428,6491,9793,6613,3824,1002,174
"충청남도","2020","한국국적을 취득한 자",소계,8946,233,256,847,3568,2106,1271,498,167
"충청남도","2021","한국국적을 가지지 않은 자",소계,98612,3658,2632,24455,30349,17944,12600,5456,1518
"충청남도","2021","한국국적을 가지지 않은 자",외국인근로자,28266,*,86,9594,11140,4431,2796,211,8
"충청남도","2021","한국국적을 가지지 않은 자",결혼이민자,9129,*,6,1778,3761,1830,1351,342,61
"충청남도","2021","한국국적을 가지지 않은 자",유학생,7310,*,746,5992,500,66,6,*,*
"충청남도","2021","한국국적을 가지지 않은 자",외국국적동포,21702,62,133,1688,5464,4843,4388,3840,1284
"충청남도","2021","한국국적을 가지지 않은 자",기타외국인,32205,3596,1661,5403,9484,6774,4059,1063,165
"충청남도","2021","한국국적을 취득한 자",소계,9801,266,309,829,3775,2359,1471,573,219
"충청남도","2022","한국국적을 가지지 않은 자",소계,108619,4103,3693,27179,32584,19336,13550,6282,1892
"충청남도","2022","한국국적을 가지지 않은 자",외국인근로자,30108,*,156,10869,12208,4186,2448,235,6
"충청남도","2022","한국국적을 가지지 않은 자",결혼이민자,9082,*,6,1435,3629,2079,1411,443,79
"충청남도","2022","한국국적을 가지지 않은 자",유학생,9001,*,968,7341,591,97,*,*,*
"충청남도","2022","한국국적을 가지지 않은 자",외국국적동포,25314,348,862,1923,5725,5479,5069,4297,1611
"충청남도","2022","한국국적을 가지지 않은 자",기타외국인,35114,3755,1701,5611,10431,7495,4618,1307,196
"충청남도","2022","한국국적을 취득한 자",소계,10718,279,368,838,3847,2698,1706,726,256
"전라북도","2016","한국국적을 가지지 않은 자",소계,31549,561,842,11825,8172,4621,3716,1407,405
"전라북도","2016","한국국적을 가지지 않은 자",외국인근로자,11045,*,43,5086,3993,1213,627,79,*
"전라북도","2016","한국국적을 가지지 않은 자",결혼이민자,5768,*,37,2285,1772,962,596,98,18
"전라북도","2016","한국국적을 가지지 않은 자",유학생,3342,*,390,2650,282,18,*,*,*
"전라북도","2016","한국국적을 가지지 않은 자",외국국적동포,1986,7,7,166,227,323,446,609,201
"전라북도","2016","한국국적을 가지지 않은 자",기타외국인,9408,554,365,1638,1898,2105,2045,621,182
"전라북도","2016","한국국적을 취득한 자",소계,4800,96,93,975,1955,1066,455,124,36
"전라북도","2017","한국국적을 가지지 않은 자",소계,33764,434,1342,12731,8769,4797,3740,1544,407
"전라북도","2017","한국국적을 가지지 않은 자",외국인근로자,10419,*,43,4840,3919,1092,481,42,*
"전라북도","2017","한국국적을 가지지 않은 자",결혼이민자,5817,*,38,2045,1929,989,668,131,17
"전라북도","2017","한국국적을 가지지 않은 자",유학생,5095,*,896,3778,387,32,*,*,*
"전라북도","2017","한국국적을 가지지 않은 자",외국국적동포,2135,5,5,147,261,334,446,699,238
"전라북도","2017","한국국적을 가지지 않은 자",기타외국인,10298,429,360,1921,2273,2350,2143,672,150
"전라북도","2017","한국국적을 취득한 자",소계,5083,88,105,896,2170,1142,496,150,36
"전라북도","2018","한국국적을 가지지 않은 자",소계,39131,522,1561,15386,10672,5332,3742,1511,405
"전라북도","2018","한국국적을 가지지 않은 자",외국인근로자,10863,*,29,5056,4102,1084,538,50,*
"전라북도","2018","한국국적을 가지지 않은 자",결혼이민자,5938,*,39,1831,2081,1062,755,155,15
"전라북도","2018","한국국적을 가지지 않은 자",유학생,7001,*,1107,5247,571,73,*,*,*
"전라북도","2018","한국국적을 가지지 않은 자",외국국적동포,2158,*,7,143,277,295,461,702,271
"전라북도","2018","한국국적을 가지지 않은 자",기타외국인,13171,519,379,3109,3641,2818,1985,604,116
"전라북도","2018","한국국적을 취득한 자",소계,5227,97,109,705,2311,1209,580,167,49
"전라북도","2019","한국국적을 가지지 않은 자",소계,43960,677,1629,17036,11944,6177,4350,1659,488
"전라북도","2019","한국국적을 가지지 않은 자",외국인근로자,11096,*,33,5186,4179,1121,529,47,*
"전라북도","2019","한국국적을 가지지 않은 자",결혼이민자,6000,*,44,1671,2116,1105,848,199,17
"전라북도","2019","한국국적을 가지지 않은 자",유학생,8234,*,1108,6252,752,118,*,*,*
"전라북도","2019","한국국적을 가지지 않은 자",외국국적동포,2177,6,5,137,270,303,455,704,297
"전라북도","2019","한국국적을 가지지 않은 자",기타외국인,16453,671,439,3790,4627,3530,2514,709,173
"전라북도","2019","한국국적을 취득한 자",소계,5595,92,131,764,2520,1272,581,183,52
"전라북도","2020","한국국적을 가지지 않은 자",소계,42366,640,991,16330,12232,5979,3997,1696,501
"전라북도","2020","한국국적을 가지지 않은 자",외국인근로자,10475,*,*,4454,4265,1181,509,62,*
"전라북도","2020","한국국적을 가지지 않은 자",결혼이민자,6059,*,30,1601,2258,1132,807,205,26
"전라북도","2020","한국국적을 가지지 않은 자",유학생,8251,*,589,6689,836,133,*,*,*
"전라북도","2020","한국국적을 가지지 않은 자",외국국적동포,2413,5,9,115,322,339,494,758,371
"전라북도","2020","한국국적을 가지지 않은 자",기타외국인,15168,635,360,3471,4551,3194,2183,671,103
"전라북도","2020","한국국적을 취득한 자",소계,5945,103,150,699,2644,1418,640,222,69
"전라북도","2021","한국국적을 가지지 않은 자",소계,41047,678,917,15268,11895,6030,4021,1702,536
"전라북도","2021","한국국적을 가지지 않은 자",외국인근로자,9464,*,*,3710,4051,1171,491,36,*
"전라북도","2021","한국국적을 가지지 않은 자",결혼이민자,5903,*,*,1390,2301,1189,798,189,33
"전라북도","2021","한국국적을 가지지 않은 자",유학생,8593,*,490,7146,829,124,*,*,*
"전라북도","2021","한국국적을 가지지 않은 자",외국국적동포,2543,*,11,94,331,379,559,779,388
"전라북도","2021","한국국적을 가지지 않은 자",기타외국인,14544,676,409,2928,4383,3167,2169,698,114
"전라북도","2021","한국국적을 취득한 자",소계,6272,97,172,619,2746,1549,729,279,81
"전라북도","2022","한국국적을 가지지 않은 자",소계,44728,738,1547,16256,13234,6396,4133,1869,555
"전라북도","2022","한국국적을 가지지 않은 자",외국인근로자,10705,*,5,4376,4693,1135,452,39,5
"전라북도","2022","한국국적을 가지지 않은 자",결혼이민자,5722,*,6,1152,2247,1228,829,224,36
"전라북도","2022","한국국적을 가지지 않은 자",유학생,9502,*,1024,7398,942,132,6,*,*
"전라북도","2022","한국국적을 가지지 않은 자",외국국적동포,2680,20,32,98,332,370,586,840,402
"전라북도","2022","한국국적을 가지지 않은 자",기타외국인,16119,718,480,3232,5020,3531,2260,766,112
"전라북도","2022","한국국적을 취득한 자",소계,6777,92,195,578,2807,1762,900,340,103
"전라남도","2016","한국국적을 가지지 않은 자",소계,36630,412,583,13917,10238,5823,3957,1366,334
"전라남도","2016","한국국적을 가지지 않은 자",외국인근로자,17409,*,43,8423,6069,2131,666,73,*
"전라남도","2016","한국국적을 가지지 않은 자",결혼이민자,6645,*,49,2776,1990,1076,638,103,13
"전라남도","2016","한국국적을 가지지 않은 자",유학생,1301,*,181,1033,79,6,*,*,*
"전라남도","2016","한국국적을 가지지 않은 자",외국국적동포,2223,*,9,153,226,447,610,592,183
"전라남도","2016","한국국적을 가지지 않은 자",기타외국인,9052,409,301,1532,1874,2163,2042,598,133
"전라남도","2016","한국국적을 취득한 자",소계,5104,99,88,1109,2072,1160,428,107,41
"전라남도","2017","한국국적을 가지지 않은 자",소계,37212,313,622,13869,10873,5870,3888,1469,308
"전라남도","2017","한국국적을 가지지 않은 자",외국인근로자,16689,*,13,8143,6086,1953,449,44,*
"전라남도","2017","한국국적을 가지지 않은 자",결혼이민자,6514,*,53,2414,2142,1059,716,118,12
"전라남도","2017","한국국적을 가지지 않은 자",유학생,1512,*,231,1175,102,*,*,*,*
"전라남도","2017","한국국적을 가지지 않은 자",외국국적동포,2238,*,11,137,229,439,579,646,196
"전라남도","2017","한국국적을 가지지 않은 자",기타외국인,10259,312,314,2000,2314,2417,2143,661,98
"전라남도","2017","한국국적을 취득한 자",소계,5392,93,91,976,2347,1229,483,125,48
"전라남도","2018","한국국적을 가지지 않은 자",소계,42520,307,952,15649,13051,6658,4108,1480,315
"전라남도","2018","한국국적을 가지지 않은 자",외국인근로자,17737,*,26,8624,6591,1962,488,45,*
"전라남도","2018","한국국적을 가지지 않은 자",결혼이민자,6489,*,52,2168,2198,1117,778,156,20
"전라남도","2018","한국국적을 가지지 않은 자",유학생,2132,*,461,1532,134,*,*,*,*
"전라남도","2018","한국국적을 가지지 않은 자",외국국적동포,2267,*,11,107,221,430,613,667,218
"전라남도","2018","한국국적을 가지지 않은 자",기타외국인,13895,307,402,3218,3907,3145,2228,612,76
"전라남도","2018","한국국적을 취득한 자",소계,5551,86,114,775,2524,1312,537,153,50
"전라남도","2019","한국국적을 가지지 않은 자",소계,47778,399,923,17005,14915,7604,4881,1657,394
"전라남도","2019","한국국적을 가지지 않은 자",외국인근로자,18839,*,41,9152,7055,2009,538,42,*
"전라남도","2019","한국국적을 가지지 않은 자",결혼이민자,6684,*,69,2011,2368,1132,890,193,21
"전라남도","2019","한국국적을 가지지 않은 자",유학생,2197,*,374,1644,165,14,*,*,*
"전라남도","2019","한국국적을 가지지 않은 자",외국국적동포,2274,*,9,86,222,410,637,680,230
"전라남도","2019","한국국적을 가지지 않은 자",기타외국인,17784,399,430,4112,5105,4039,2816,742,141
"전라남도","2019","한국국적을 취득한 자",소계,6038,82,132,851,2828,1370,565,162,48
"전라남도","2020","한국국적을 가지지 않은 자",소계,45236,390,501,15423,15185,7217,4431,1690,399
"전라남도","2020","한국국적을 가지지 않은 자",외국인근로자,17792,*,*,8001,7169,2020,537,59,*
"전라남도","2020","한국국적을 가지지 않은 자",결혼이민자,6755,*,34,1886,2546,1205,854,205,25
"전라남도","2020","한국국적을 가지지 않은 자",유학생,2209,*,125,1873,199,12,*,*,*
"전라남도","2020","한국국적을 가지지 않은 자",외국국적동포,2516,*,10,93,276,406,680,761,288
"전라남도","2020","한국국적을 가지지 않은 자",기타외국인,15964,388,328,3570,4995,3574,2360,665,84
"전라남도","2020","한국국적을 취득한 자",소계,6393,92,142,738,3000,1515,660,187,59
"전라남도","2021","한국국적을 가지지 않은 자",소계,44159,492,560,13696,15409,7312,4541,1725,424
"전라남도","2021","한국국적을 가지지 않은 자",외국인근로자,17007,*,5,6916,7377,2164,506,37,*
"전라남도","2021","한국국적을 가지지 않은 자",결혼이민자,6685,*,6,1626,2647,1244,900,233,29
"전라남도","2021","한국국적을 가지지 않은 자",유학생,2795,*,222,2243,295,35,*,*,*
"전라남도","2021","한국국적을 가지지 않은 자",외국국적동포,2671,*,11,80,303,422,782,762,307
"전라남도","2021","한국국적을 가지지 않은 자",기타외국인,15001,488,316,2831,4787,3447,2353,693,86
"전라남도","2021","한국국적을 취득한 자",소계,6769,92,169,685,3116,1655,771,208,73
"전라남도","2022","한국국적을 가지지 않은 자",소계,49558,528,930,15414,17636,7980,4697,1864,509
"전라남도","2022","한국국적을 가지지 않은 자",외국인근로자,20094,*,15,8388,8892,2290,454,53,*
"전라남도","2022","한국국적을 가지지 않은 자",결혼이민자,6457,*,5,1312,2582,1321,909,282,46
"전라남도","2022","한국국적을 가지지 않은 자",유학생,3457,*,479,2576,351,49,*,*,*
"전라남도","2022","한국국적을 가지지 않은 자",외국국적동포,2878,18,42,83,321,424,816,810,364
"전라남도","2022","한국국적을 가지지 않은 자",기타외국인,16672,510,389,3055,5490,3896,2516,719,97
"전라남도","2022","한국국적을 취득한 자",소계,7302,109,191,661,3136,1888,943,281,93
"경상북도","2016","한국국적을 가지지 않은 자",소계,60706,981,1467,22407,18792,9228,5340,1999,492
"경상북도","2016","한국국적을 가지지 않은 자",외국인근로자,28267,*,38,11877,11336,3709,1120,173,14
"경상북도","2016","한국국적을 가지지 않은 자",결혼이민자,7473,*,58,3169,2513,1058,531,116,28
"경상북도","2016","한국국적을 가지지 않은 자",유학생,5470,*,902,4022,508,34,*,*,*
"경상북도","2016","한국국적을 가지지 않은 자",외국국적동포,4959,22,24,588,1055,1099,995,933,243
"경상북도","2016","한국국적을 가지지 않은 자",기타외국인,14537,959,445,2751,3380,3328,2691,777,206
"경상북도","2016","한국국적을 취득한 자",소계,6167,122,101,1429,2715,1159,450,137,54
"경상북도","2017","한국국적을 가지지 않은 자",소계,63978,965,2049,23397,19863,9527,5601,2087,489
"경상북도","2017","한국국적을 가지지 않은 자",외국인근로자,26283,*,23,10812,10950,3446,946,99,7
"경상북도","2017","한국국적을 가지지 않은 자",결혼이민자,7507,*,45,2801,2790,1098,628,120,25
"경상북도","2017","한국국적을 가지지 않은 자",유학생,7398,*,1442,5381,535,38,*,*,*
"경상북도","2017","한국국적을 가지지 않은 자",외국국적동포,5603,18,33,593,1295,1219,1064,1085,296
"경상북도","2017","한국국적을 가지지 않은 자",기타외국인,17187,947,506,3810,4293,3726,2961,783,161
"경상북도","2017","한국국적을 취득한 자",소계,6483,110,104,1236,3057,1273,484,161,58
"경상북도","2018","한국국적을 가지지 않은 자",소계,74071,1215,2854,27416,23264,10817,5840,2158,507
"경상북도","2018","한국국적을 가지지 않은 자",외국인근로자,26675,*,53,10839,11232,3381,1066,96,8
"경상북도","2018","한국국적을 가지지 않은 자",결혼이민자,7810,*,60,2622,3062,1182,689,166,29
"경상북도","2018","한국국적을 가지지 않은 자",유학생,9983,*,1959,7453,534,32,*,*,*
"경상북도","2018","한국국적을 가지지 않은 자",외국국적동포,5922,21,28,548,1390,1309,1142,1137,347
"경상북도","2018","한국국적을 가지지 않은 자",기타외국인,23681,1194,754,5954,7046,4913,2939,758,123
"경상북도","2018","한국국적을 취득한 자",소계,6634,112,119,933,3315,1384,525,185,61
"경상북도","2019","한국국적을 가지지 않은 자",소계,81840,1784,2848,29551,25591,12310,6774,2365,617
"경상북도","2019","한국국적을 가지지 않은 자",외국인근로자,26483,*,49,10463,11211,3563,1089,101,7
"경상북도","2019","한국국적을 가지지 않은 자",결혼이민자,8007,*,67,2408,3244,1259,781,211,37
"경상북도","2019","한국국적을 가지지 않은 자",유학생,11117,*,1796,8684,595,39,*,*,*
"경상북도","2019","한국국적을 가지지 않은 자",외국국적동포,6085,18,41,564,1375,1365,1200,1148,374
"경상북도","2019","한국국적을 가지지 않은 자",기타외국인,30148,1766,895,7432,9166,6084,3702,904,199
"경상북도","2019","한국국적을 취득한 자",소계,7118,117,140,936,3624,1477,567,201,56
"경상북도","2020","한국국적을 가지지 않은 자",소계,74547,1600,1538,25878,24597,11711,6229,2342,652
"경상북도","2020","한국국적을 가지지 않은 자",외국인근로자,23431,*,20,8564,10283,3430,1020,105,9
"경상북도","2020","한국국적을 가지지 않은 자",결혼이민자,7987,*,48,2109,3471,1318,788,213,40
"경상북도","2020","한국국적을 가지지 않은 자",유학생,9626,*,666,8234,666,56,*,*,*
"경상북도","2020","한국국적을 가지지 않은 자",외국국적동포,6194,14,38,457,1339,1341,1297,1224,484
"경상북도","2020","한국국적을 가지지 않은 자",기타외국인,27309,1586,766,6514,8838,5566,3120,800,119
"경상북도","2020","한국국적을 취득한 자",소계,7769,131,155,926,3892,1681,679,236,69
"경상북도","2021","한국국적을 가지지 않은 자",소계,72798,1937,1439,23740,24158,11937,6433,2424,730
"경상북도","2021","한국국적을 가지지 않은 자",외국인근로자,21253,*,33,7095,9702,3338,992,82,11
"경상북도","2021","한국국적을 가지지 않은 자",결혼이민자,7924,*,12,1854,3547,1439,803,220,49
"경상북도","2021","한국국적을 가지지 않은 자",유학생,10268,*,531,8828,842,63,*,*,*
"경상북도","2021","한국국적을 가지지 않은 자",외국국적동포,6964,24,60,544,1510,1513,1473,1298,542
"경상북도","2021","한국국적을 가지지 않은 자",기타외국인,26389,1913,803,5419,8557,5584,3161,824,128
"경상북도","2021","한국국적을 취득한 자",소계,8377,145,188,887,4094,1893,806,278,86
"경상북도","2022","한국국적을 가지지 않은 자",소계,78148,1977,2145,24809,25652,13109,6876,2729,851
"경상북도","2022","한국국적을 가지지 않은 자",외국인근로자,22962,*,40,7884,10519,3477,966,69,7
"경상북도","2022","한국국적을 가지지 않은 자",결혼이민자,7757,*,6,1463,3464,1619,888,261,56
"경상북도","2022","한국국적을 가지지 않은 자",유학생,11275,*,948,9274,978,74,*,*,*
"경상북도","2022","한국국적을 가지지 않은 자",외국국적동포,7869,126,327,662,1539,1664,1481,1420,650
"경상북도","2022","한국국적을 가지지 않은 자",기타외국인,28285,1851,824,5526,9152,6275,3540,979,138
"경상북도","2022","한국국적을 취득한 자",소계,8996,162,222,810,4206,2149,1004,332,111
"경상남도","2016","한국국적을 가지지 않은 자",소계,92185,1806,1264,30670,31106,15182,8623,2904,630
"경상남도","2016","한국국적을 가지지 않은 자",외국인근로자,50113,*,28,20911,20636,6337,2015,172,14
"경상남도","2016","한국국적을 가지지 않은 자",결혼이민자,9554,*,64,3729,3234,1510,833,150,34
"경상남도","2016","한국국적을 가지지 않은 자",유학생,1770,*,233,1333,187,14,*,*,*
"경상남도","2016","한국국적을 가지지 않은 자",외국국적동포,8125,18,25,767,1445,2180,1868,1474,348
"경상남도","2016","한국국적을 가지지 않은 자",기타외국인,22623,1788,914,3930,5604,5141,3906,1106,234
"경상남도","2016","한국국적을 취득한 자",소계,8375,160,95,2015,3489,1608,693,207,108
"경상남도","2017","한국국적을 가지지 않은 자",소계,91072,1554,1408,28795,31865,14912,8790,3102,646
"경상남도","2017","한국국적을 가지지 않은 자",외국인근로자,44877,*,30,17910,19647,5580,1600,104,5
"경상남도","2017","한국국적을 가지지 않은 자",결혼이민자,9738,*,58,3329,3669,1519,960,161,42
"경상남도","2017","한국국적을 가지지 않은 자",유학생,2559,*,435,1877,229,17,*,*,*
"경상남도","2017","한국국적을 가지지 않은 자",외국국적동포,9157,24,38,835,1776,2391,2038,1641,414
"경상남도","2017","한국국적을 가지지 않은 자",기타외국인,24741,1529,847,4844,6544,5405,4191,1196,185
"경상남도","2017","한국국적을 취득한 자",소계,8987,161,121,1777,4081,1732,765,227,123
"경상남도","2018","한국국적을 가지지 않은 자",소계,97494,1889,1774,30573,34752,15856,8843,3137,670
"경상남도","2018","한국국적을 가지지 않은 자",외국인근로자,43665,*,66,17216,19315,5287,1671,105,5
"경상남도","2018","한국국적을 가지지 않은 자",결혼이민자,9927,*,67,2957,3970,1635,1025,226,47
"경상남도","2018","한국국적을 가지지 않은 자",유학생,3091,*,452,2327,283,28,*,*,*
"경상남도","2018","한국국적을 가지지 않은 자",외국국적동포,9305,20,40,749,1840,2357,2103,1715,481
"경상남도","2018","한국국적을 가지지 않은 자",기타외국인,31506,1869,1149,7324,9344,6549,4043,1091,137
"경상남도","2018","한국국적을 취득한 자",소계,9179,160,141,1338,4423,1900,820,258,139
"경상남도","2019","한국국적을 가지지 않은 자",소계,105908,2602,2217,32353,37122,17489,9935,3362,828
"경상남도","2019","한국국적을 가지지 않은 자",외국인근로자,43162,*,89,17035,18991,5267,1662,115,*
"경상남도","2019","한국국적을 가지지 않은 자",결혼이민자,10305,*,82,2749,4184,1798,1182,254,56
"경상남도","2019","한국국적을 가지지 않은 자",유학생,3640,*,565,2736,312,26,*,*,*
"경상남도","2019","한국국적을 가지지 않은 자",외국국적동포,9413,22,40,706,1908,2322,2229,1687,499
"경상남도","2019","한국국적을 가지지 않은 자",기타외국인,39388,2580,1441,9127,11727,8076,4861,1306,270
"경상남도","2019","한국국적을 취득한 자",소계,9691,178,176,1313,4802,1993,839,280,110
"경상남도","2020","한국국적을 가지지 않은 자",소계,96669,2365,1639,26892,35532,16400,9459,3493,889
"경상남도","2020","한국국적을 가지지 않은 자",외국인근로자,37628,*,21,13521,17564,4916,1449,151,6
"경상남도","2020","한국국적을 가지지 않은 자",결혼이민자,10661,*,50,2553,4710,1895,1135,260,58
"경상남도","2020","한국국적을 가지지 않은 자",유학생,3407,*,278,2764,334,29,*,*,*
"경상남도","2020","한국국적을 가지지 않은 자",외국국적동포,9889,32,54,618,1909,2335,2431,1846,664
"경상남도","2020","한국국적을 가지지 않은 자",기타외국인,35084,2333,1236,7436,11015,7225,4442,1236,161
"경상남도","2020","한국국적을 취득한 자",소계,10117,181,217,1056,5076,2192,933,345,117
"경상남도","2021","한국국적을 가지지 않은 자",소계,91836,2671,1693,23158,33773,16393,9651,3576,921
"경상남도","2021","한국국적을 가지지 않은 자",외국인근로자,33341,*,21,11192,15903,4839,1285,95,6
"경상남도","2021","한국국적을 가지지 않은 자",결혼이민자,10525,*,6,2087,4811,2108,1157,293,63
"경상남도","2021","한국국적을 가지지 않은 자",유학생,3950,*,357,3156,386,40,6,5,*
"경상남도","2021","한국국적을 가지지 않은 자",외국국적동포,10349,37,83,685,1981,2275,2695,1886,707
"경상남도","2021","한국국적을 가지지 않은 자",기타외국인,33671,2634,1226,6038,10692,7131,4508,1297,145
"경상남도","2021","한국국적을 취득한 자",소계,10721,186,254,983,5341,2364,1081,371,141
"경상남도","2022","한국국적을 가지지 않은 자",소계,96303,2653,2137,24499,35019,17091,9877,3981,1046
"경상남도","2022","한국국적을 가지지 않은 자",외국인근로자,35825,*,50,12699,16778,4994,1195,103,6
"경상남도","2022","한국국적을 가지지 않은 자",결혼이민자,10195,*,*,1653,4604,2246,1241,369,79
"경상남도","2022","한국국적을 가지지 않은 자",유학생,4414,*,425,3505,446,36,*,*,*
"경상남도","2022","한국국적을 가지지 않은 자",외국국적동포,11100,152,357,756,1931,2249,2717,2138,800
"경상남도","2022","한국국적을 가지지 않은 자",기타외국인,34769,2501,1302,5886,11260,7566,4722,1371,161
"경상남도","2022","한국국적을 취득한 자",소계,11454,190,307,882,5435,2716,1303,454,167
"제주특별자치도","2016","한국국적을 가지지 않은 자",소계,17476,545,608,6408,5011,2464,1437,762,241
"제주특별자치도","2016","한국국적을 가지지 않은 자",외국인근로자,7460,*,100,3507,2667,863,280,43,*
"제주특별자치도","2016","한국국적을 가지지 않은 자",결혼이민자,2290,*,12,900,843,313,158,42,22
"제주특별자치도","2016","한국국적을 가지지 않은 자",유학생,1123,*,220,857,42,*,*,*,*
"제주특별자치도","2016","한국국적을 가지지 않은 자",외국국적동포,1709,10,10,295,431,227,212,408,116
"제주특별자치도","2016","한국국적을 가지지 않은 자",기타외국인,4894,535,266,849,1028,1058,786,269,103
"제주특별자치도","2016","한국국적을 취득한 자",소계,1532,52,49,305,552,325,161,73,15
"제주특별자치도","2017","한국국적을 가지지 않은 자",소계,20400,537,673,7107,6240,3076,1655,877,235
"제주특별자치도","2017","한국국적을 가지지 않은 자",외국인근로자,8752,*,112,3861,3305,1152,287,35,*
"제주특별자치도","2017","한국국적을 가지지 않은 자",결혼이민자,2468,*,20,847,959,358,201,56,27
"제주특별자치도","2017","한국국적을 가지지 않은 자",유학생,1349,*,243,1049,52,*,*,*,*
"제주특별자치도","2017","한국국적을 가지지 않은 자",외국국적동포,1911,9,8,264,462,291,264,490,123
"제주특별자치도","2017","한국국적을 가지지 않은 자",기타외국인,5920,528,290,1086,1462,1271,902,296,85
"제주특별자치도","2017","한국국적을 취득한 자",소계,1721,53,50,302,653,381,181,83,18
"제주특별자치도","2018","한국국적을 가지지 않은 자",소계,25287,736,911,8826,7970,3790,1834,950,270
"제주특별자치도","2018","한국국적을 가지지 않은 자",외국인근로자,10040,*,60,4304,3953,1359,317,41,*
"제주특별자치도","2018","한국국적을 가지지 않은 자",결혼이민자,2617,*,21,813,1063,423,202,62,33
"제주특별자치도","2018","한국국적을 가지지 않은 자",유학생,1886,*,356,1456,70,*,*,*,*
"제주특별자치도","2018","한국국적을 가지지 않은 자",외국국적동포,2034,7,10,235,458,323,290,565,146
"제주특별자치도","2018","한국국적을 가지지 않은 자",기타외국인,8710,726,464,2018,2426,1681,1025,282,88
"제주특별자치도","2018","한국국적을 취득한 자",소계,1888,61,56,312,724,429,192,91,23
"제주특별자치도","2019","한국국적을 가지지 않은 자",소계,28017,1167,992,9083,8796,4468,2154,1023,334
"제주특별자치도","2019","한국국적을 가지지 않은 자",외국인근로자,10063,*,71,4071,4019,1492,353,56,*
"제주특별자치도","2019","한국국적을 가지지 않은 자",결혼이민자,2742,*,25,749,1130,507,229,61,41
"제주특별자치도","2019","한국국적을 가지지 않은 자",유학생,2290,*,341,1858,86,5,*,*,*
"제주특별자치도","2019","한국국적을 가지지 않은 자",외국국적동포,2087,9,6,203,476,349,317,563,164
"제주특별자치도","2019","한국국적을 가지지 않은 자",기타외국인,10835,1157,549,2202,3085,2115,1255,343,129
"제주특별자치도","2019","한국국적을 취득한 자",소계,2112,72,64,327,830,460,223,111,25
"제주특별자치도","2020","한국국적을 가지지 않은 자",소계,26831,1244,748,7706,8757,4669,2228,1133,346
"제주특별자치도","2020","한국국적을 가지지 않은 자",외국인근로자,9149,*,27,3263,3838,1582,357,81,*
"제주특별자치도","2020","한국국적을 가지지 않은 자",결혼이민자,2887,*,12,707,1226,582,246,69,45
"제주특별자치도","2020","한국국적을 가지지 않은 자",유학생,2059,*,100,1827,124,*,*,*,*
"제주특별자치도","2020","한국국적을 가지지 않은 자",외국국적동포,2222,5,12,157,475,371,367,618,217
"제주특별자치도","2020","한국국적을 가지지 않은 자",기타외국인,10514,1239,597,1752,3094,2130,1256,363,83
"제주특별자치도","2020","한국국적을 취득한 자",소계,2320,81,69,310,915,526,255,129,35
"제주특별자치도","2021","한국국적을 가지지 않은 자",소계,25210,1155,661,6655,8309,4749,2242,1078,361
"제주특별자치도","2021","한국국적을 가지지 않은 자",외국인근로자,8476,*,14,2751,3639,1692,327,50,*
"제주특별자치도","2021","한국국적을 가지지 않은 자",결혼이민자,2929,*,*,602,1271,708,233,79,35
"제주특별자치도","2021","한국국적을 가지지 않은 자",유학생,2037,*,53,1826,151,5,*,*,*
"제주특별자치도","2021","한국국적을 가지지 않은 자",외국국적동포,2207,*,12,118,443,358,445,599,230
"제주특별자치도","2021","한국국적을 가지지 않은 자",기타외국인,9561,1153,581,1358,2805,1986,1236,349,93
"제주특별자치도","2021","한국국적을 취득한 자",소계,2468,81,94,283,973,556,300,135,46
"제주특별자치도","2022","한국국적을 가지지 않은 자",소계,26150,1121,678,6901,8427,5084,2386,1129,424
"제주특별자치도","2022","한국국적을 가지지 않은 자",외국인근로자,9415,*,37,3342,3839,1836,307,48,*
"제주특별자치도","2022","한국국적을 가지지 않은 자",결혼이민자,2954,*,*,494,1233,798,293,89,45
"제주특별자치도","2022","한국국적을 가지지 않은 자",유학생,1816,*,46,1588,170,10,*,*,*
"제주특별자치도","2022","한국국적을 가지지 않은 자",외국국적동포,2241,16,41,91,384,346,475,597,291
"제주특별자치도","2022","한국국적을 가지지 않은 자",기타외국인,9724,1102,552,1386,2801,2094,1309,395,85
"제주특별자치도","2022","한국국적을 취득한 자",소계,2611,84,102,228,1005,639,343,145,65
